x,y,dir,ref,pt
-4.5,-0.8660254037844386,8,False,3
-4.5,-0.8660254037844386,2,True,11
-3.0,0.0,0,False,7
-4.5,-0.8660254037844386,10,False,7
-6.0,0.0,8,False,7
-9.0,3.4641016151377544,6,False,7
-7.5,4.330127018922193,4,False,7
-1.7763568394002505e-15,-6.928203230275509,0,False,3
-1.7763568394002505e-15,-6.928203230275509,10,True,11
-1.5000000000000016,-6.06217782649107,4,False,7
-1.7763568394002505e-15,-6.928203230275509,2,False,7
-2.220446049250313e-15,-8.660254037844386,0,False,7
-1.5000000000000027,-12.99038105676658,10,False,7
-3.0000000000000027,-12.124355652982139,8,False,7
-2.6645352591003757e-15,-12.124355652982139,0,False,7
-9.0,-6.928203230275509,10,False,3
-9.0,-6.928203230275509,0,True,11
-9.0,-5.196152422706632,2,False,7
-9.0,-6.928203230275509,0,False,7
-10.5,-7.794228634059948,10,False,7
-15.0,-8.660254037844386,8,False,7
-15.0,-6.928203230275509,6,False,7
-13.5,-9.526279441628825,10,False,7
-13.5,0.8660254037844386,8,False,3
-13.5,0.8660254037844386,2,True,11
-12.0,1.7320508075688772,0,False,7
-13.5,0.8660254037844386,10,False,7
-15.0,1.7320508075688772,8,False,7
-18.0,5.196152422706632,6,False,7
-16.5,6.0621778264910695,4,False,7
-18.0,3.4641016151377544,8,False,7
-21.0,12.124355652982139,6,False,3
-21.0,12.124355652982139,4,True,11
-19.5,11.258330249197702,10,False,7
-21.0,12.124355652982139,8,False,7
-21.0,13.856406460551018,6,False,7
-19.5,18.186533479473212,4,False,7
-18.0,17.32050807568877,2,False,7
-21.0,17.32050807568877,6,False,7
-11.999999999999998,12.124355652982139,4,False,3
-11.999999999999998,12.124355652982139,6,True,11
-11.999999999999998,10.39230484541326,8,False,7
-11.999999999999998,12.124355652982139,6,False,7
-10.499999999999996,12.990381056766577,4,False,7
-5.999999999999998,13.856406460551014,2,False,7
-5.999999999999998,12.124355652982135,0,False,7
-7.499999999999997,14.722431864335451,4,False,7
2.9999999999999956,-19.05255888325765,0,False,3
2.9999999999999956,-19.05255888325765,10,True,11
1.4999999999999958,-18.186533479473212,4,False,7
2.9999999999999956,-19.05255888325765,2,False,7
2.999999999999995,-20.784609690826528,0,False,7
1.4999999999999947,-25.11473670974872,10,False,7
-5.329070518200751e-15,-24.24871130596428,8,False,7
5.999999999999997,-12.124355652982144,4,False,3
5.999999999999997,-12.124355652982144,6,True,11
5.9999999999999964,-13.856406460551021,8,False,7
5.999999999999997,-12.124355652982144,6,False,7
7.499999999999997,-11.258330249197707,4,False,7
12.0,-10.39230484541327,2,False,7
11.999999999999995,-12.124355652982148,0,False,7
10.499999999999996,-9.526279441628832,4,False,7
10.499999999999995,-19.91858428704209,2,False,3
10.499999999999995,-19.91858428704209,8,True,11
8.999999999999995,-20.784609690826528,6,False,7
10.499999999999995,-19.91858428704209,4,False,7
11.999999999999995,-20.784609690826528,2,False,7
14.999999999999993,-24.248711305964285,0,False,7
13.499999999999993,-25.114736709748723,10,False,7
14.999999999999993,-22.516660498395407,2,False,7
5.999999999999994,-27.712812921102035,0,False,3
5.999999999999994,-27.712812921102035,10,True,11
4.499999999999994,-26.846787517317598,4,False,7
5.999999999999994,-27.712812921102035,2,False,7
5.999999999999993,-29.444863728670914,0,False,7
4.499999999999993,-33.77499074759311,10,False,7
2.999999999999994,-32.90896534380867,8,False,7
5.999999999999993,-32.90896534380867,0,False,7
-7.105427357601002e-15,-39.837168574084174,10,False,3
-7.105427357601002e-15,-39.837168574084174,0,True,11
-7.105427357601002e-15,-38.1051177665153,2,False,7
-7.105427357601002e-15,-39.837168574084174,0,False,7
-1.5000000000000089,-40.703193977868615,10,False,7
-6.000000000000009,-41.569219381653056,8,False,7
-6.000000000000007,-39.837168574084174,6,False,7
-4.500000000000009,-42.43524478543749,10,False,7
-4.500000000000005,-32.042939940024226,8,False,3
-4.500000000000005,-32.042939940024226,2,True,11
-3.0000000000000053,-31.176914536239785,0,False,7
-4.500000000000005,-32.042939940024226,10,False,7
-6.000000000000006,-31.176914536239785,8,False,7
-9.000000000000002,-27.71281292110203,6,False,7
-7.500000000000002,-26.846787517317594,4,False,7
-9.000000000000004,-29.444863728670907,8,False,7
8.999999999999991,-39.837168574084174,0,False,3
8.999999999999991,-39.837168574084174,10,True,11
7.499999999999991,-38.97114317029974,4,False,7
8.999999999999991,-39.837168574084174,2,False,7
8.999999999999991,-41.569219381653056,0,False,7
7.499999999999989,-45.89934640057525,10,False,7
5.999999999999989,-45.033320996790806,8,False,7
8.99999999999999,-45.033320996790806,0,False,7
-18.0,-15.588457268119894,10,False,3
-18.0,-15.588457268119894,0,True,11
-18.0,-13.856406460551018,2,False,7
-18.0,-15.588457268119894,0,False,7
-19.5,-16.454482671904334,10,False,7
-24.0,-17.32050807568877,8,False,7
-24.0,-15.588457268119894,6,False,7
-10.500000000000002,-14.722431864335459,2,False,3
-10.500000000000002,-14.722431864335459,8,True,11
-12.0,-15.588457268119896,6,False,7
-10.500000000000002,-14.722431864335459,4,False,7
-9.000000000000002,-15.588457268119896,2,False,7
-6.000000000000002,-19.052558883257653,0,False,7
-7.5000000000000036,-19.91858428704209,10,False,7
-6.0000000000000036,-17.320508075688775,2,False,7
-15.000000000000002,-22.516660498395403,0,False,3
-15.000000000000002,-22.516660498395403,10,True,11
-16.5,-21.650635094610966,4,False,7
-15.000000000000002,-22.516660498395403,2,False,7
-15.0,-24.24871130596428,0,False,7
-16.500000000000004,-28.578838324886473,10,False,7
-18.000000000000004,-27.712812921102035,8,False,7
-15.000000000000002,-27.712812921102035,0,False,7
-24.0,-22.516660498395403,10,False,3
-24.0,-22.516660498395403,0,True,11
-24.0,-20.784609690826528,2,False,7
-24.0,-22.516660498395403,0,False,7
-25.5,-23.38268590217984,10,False,7
-30.0,-24.248711305964278,8,False,7
-30.0,-22.516660498395403,6,False,7
-28.5,-25.11473670974872,10,False,7
-37.5,-23.382685902179844,8,False,3
-37.5,-23.382685902179844,2,True,11
-36.0,-22.516660498395403,0,False,7
-37.5,-23.382685902179844,10,False,7
-39.0,-22.516660498395403,8,False,7
-42.0,-19.052558883257646,6,False,7
-40.5,-18.18653347947321,4,False,7
-42.0,-20.784609690826528,8,False,7
-33.0,-15.588457268119893,6,False,3
-33.0,-15.588457268119893,4,True,11
-31.499999999999996,-16.454482671904334,10,False,7
-33.0,-15.588457268119893,8,False,7
-33.0,-13.856406460551014,6,False,7
-31.499999999999993,-9.526279441628823,4,False,7
-29.999999999999993,-10.392304845413262,2,False,7
-32.99999999999999,-10.39230484541326,6,False,7
-33.0,-31.17691453623979,10,False,3
-33.0,-31.17691453623979,0,True,11
-33.0,-29.444863728670914,2,False,7
-33.0,-31.17691453623979,0,False,7
-34.5,-32.042939940024226,10,False,7
-39.0,-32.90896534380866,8,False,7
-39.0,-31.17691453623979,6,False,7
-37.5,-33.77499074759311,10,False,7
-25.5,4.330127018922194,8,False,3
-25.5,4.330127018922194,2,True,11
-24.0,5.196152422706632,0,False,7
-25.5,4.330127018922194,10,False,7
-27.0,5.196152422706632,8,False,7
-30.0,8.660254037844386,6,False,7
-28.5,9.526279441628825,4,False,7
-21.0,-1.7320508075688767,0,False,3
-21.0,-1.7320508075688767,10,True,11
-22.5,-0.8660254037844384,4,False,7
-21.0,-1.7320508075688767,2,False,7
-21.000000000000004,-3.4641016151377535,0,False,7
-22.500000000000004,-7.794228634059948,10,False,7
-24.000000000000004,-6.928203230275507,8,False,7
-21.000000000000004,-6.928203230275507,0,False,7
-30.0,-1.7320508075688767,10,False,3
-30.0,-1.7320508075688767,0,True,11
-30.0,0.0,2,False,7
-30.0,-1.7320508075688767,0,False,7
-31.5,-2.598076211353316,10,False,7
-36.0,-3.4641016151377535,8,False,7
-36.0,-1.7320508075688767,6,False,7
-34.5,-4.330127018922193,10,False,7
-34.5,6.06217782649107,8,False,3
-34.5,6.06217782649107,2,True,11
-33.0,6.928203230275509,0,False,7
-34.5,6.06217782649107,10,False,7
-36.0,6.928203230275509,8,False,7
-39.0,10.392304845413264,6,False,7
-37.5,11.258330249197702,4,False,7
-39.0,8.660254037844386,8,False,7
-42.0,17.32050807568877,6,False,3
-42.0,17.32050807568877,4,True,11
-40.5,16.454482671904334,10,False,7
-42.0,17.32050807568877,8,False,7
-42.0,19.05255888325765,6,False,7
-40.5,23.382685902179844,4,False,7
-39.0,22.516660498395403,2,False,7
-42.0,22.516660498395403,6,False,7
-33.0,17.32050807568877,4,False,3
-33.0,17.32050807568877,6,True,11
-33.0,15.588457268119893,8,False,7
-33.0,17.32050807568877,6,False,7
-31.499999999999996,18.18653347947321,4,False,7
-27.0,19.052558883257646,2,False,7
-27.0,17.320508075688767,0,False,7
-28.499999999999996,19.918584287042084,4,False,7
-46.5,9.526279441628827,8,False,3
-46.5,9.526279441628827,2,True,11
-45.0,10.392304845413264,0,False,7
-46.5,9.526279441628827,10,False,7
-48.0,10.392304845413264,8,False,7
-51.0,13.856406460551018,6,False,7
-49.5,14.722431864335457,4,False,7
-51.0,12.12435565298214,8,False,7
-45.0,29.444863728670914,6,False,3
-45.0,29.444863728670914,4,True,11
-43.5,28.578838324886476,10,False,7
-45.0,29.444863728670914,8,False,7
-45.0,31.176914536239792,6,False,7
-43.5,35.50704155516198,4,False,7
-42.0,34.64101615137754,2,False,7
-48.0,22.516660498395407,10,False,3
-48.0,22.516660498395407,0,True,11
-48.0,24.248711305964285,2,False,7
-48.0,22.516660498395407,0,False,7
-49.5,21.65063509461097,10,False,7
-54.0,20.784609690826528,8,False,7
-54.0,22.516660498395407,6,False,7
-52.5,19.91858428704209,10,False,7
-52.5,30.31088913245535,8,False,3
-52.5,30.31088913245535,2,True,11
-51.0,31.176914536239792,0,False,7
-52.5,30.31088913245535,10,False,7
-54.0,31.176914536239792,8,False,7
-57.0,34.64101615137754,6,False,7
-55.5,35.50704155516198,4,False,7
-57.0,32.90896534380867,8,False,7
-48.0,38.1051177665153,6,False,3
-48.0,38.1051177665153,4,True,11
-46.5,37.239092362730865,10,False,7
-48.0,38.1051177665153,8,False,7
-48.0,39.837168574084174,6,False,7
-46.5,44.16729559300637,4,False,7
-45.0,43.30127018922193,2,False,7
-48.0,43.30127018922193,6,False,7
-42.0,50.229473419497445,4,False,3
-42.0,50.229473419497445,6,True,11
-42.0,48.49742261192857,8,False,7
-42.0,50.229473419497445,6,False,7
-40.5,51.095498823281886,4,False,7
-36.0,51.96152422706632,2,False,7
-36.0,50.22947341949744,0,False,7
-37.5,52.82754963085076,4,False,7
-37.5,42.43524478543749,2,False,3
-37.5,42.43524478543749,8,True,11
-39.0,41.569219381653056,6,False,7
-37.5,42.43524478543749,4,False,7
-36.0,41.569219381653056,2,False,7
-33.00000000000001,38.1051177665153,0,False,7
-34.50000000000001,37.23909236273086,10,False,7
-33.00000000000001,39.837168574084174,2,False,7
-51.0,50.22947341949744,6,False,3
-51.0,50.22947341949744,4,True,11
-49.5,49.363448015713004,10,False,7
-51.0,50.22947341949744,8,False,7
-51.0,51.96152422706632,6,False,7
-49.50000000000001,56.29165124598851,4,False,7
-48.0,55.42562584220407,2,False,7
-51.0,55.42562584220407,6,False,7
-23.999999999999993,25.980762113533153,4,False,3
-23.999999999999993,25.980762113533153,6,True,11
-23.999999999999996,24.248711305964274,8,False,7
-23.999999999999993,25.980762113533153,6,False,7
-22.499999999999993,26.846787517317587,4,False,7
-17.999999999999993,27.712812921102024,2,False,7
-17.999999999999993,25.98076211353315,0,False,7
-31.499999999999993,25.11473670974872,8,False,3
-31.499999999999993,25.11473670974872,2,True,11
-29.999999999999993,25.980762113533153,0,False,7
-31.499999999999993,25.11473670974872,10,False,7
-32.99999999999999,25.980762113533157,8,False,7
-35.99999999999999,29.444863728670914,6,False,7
-34.499999999999986,30.31088913245535,4,False,7
-35.999999999999986,27.712812921102035,8,False,7
-26.99999999999999,32.90896534380866,6,False,3
-26.99999999999999,32.90896534380866,4,True,11
-25.499999999999993,32.042939940024226,10,False,7
-26.99999999999999,32.90896534380866,8,False,7
-26.99999999999999,34.64101615137754,6,False,7
-25.499999999999986,38.971143170299726,4,False,7
-23.999999999999986,38.10511776651529,2,False,7
-26.999999999999986,38.10511776651529,6,False,7
-17.99999999999999,32.90896534380866,4,False,3
-17.99999999999999,32.90896534380866,6,True,11
-17.999999999999993,31.176914536239778,8,False,7
-17.99999999999999,32.90896534380866,6,False,7
-16.49999999999999,33.774990747593094,4,False,7
-11.99999999999999,34.64101615137753,2,False,7
-11.999999999999993,32.90896534380865,0,False,7
-13.499999999999991,35.50704155516197,4,False,7
-4.499999999999993,33.77499074759309,2,False,3
-4.499999999999993,33.77499074759309,8,True,11
-5.999999999999989,32.908965343808646,6,False,7
-4.499999999999993,33.77499074759309,4,False,7
-2.999999999999993,32.908965343808646,2,False,7
7.105427357601002e-15,29.44486372867089,0,False,7
-1.4999999999999964,28.578838324886455,10,False,7
3.552713678800501e-15,31.17691453623977,2,False,7
-8.999999999999996,25.980762113533142,0,False,3
-8.999999999999996,25.980762113533142,10,True,11
-10.499999999999996,26.846787517317583,4,False,7
-8.999999999999996,25.980762113533142,2,False,7
-9.0,24.248711305964264,0,False,7
-10.500000000000002,19.918584287042073,10,False,7
-12.000000000000004,20.784609690826514,8,False,7
-9.000000000000004,20.784609690826514,0,False,7
-8.999999999999986,41.56921938165304,4,False,3
-8.999999999999986,41.56921938165304,6,True,11
-8.999999999999986,39.83716857408416,8,False,7
-8.999999999999986,41.56921938165304,6,False,7
-7.499999999999986,42.435244785437476,4,False,7
-2.999999999999986,43.30127018922191,2,False,7
-2.9999999999999893,41.56921938165304,0,False,7
-4.499999999999986,44.16729559300636,4,False,7
11.99999999999999,-51.96152422706632,0,False,3
11.99999999999999,-51.96152422706632,10,True,11
10.49999999999999,-51.09549882328188,4,False,7
11.99999999999999,-51.96152422706632,2,False,7
11.999999999999988,-53.693575034635195,0,False,7
10.499999999999988,-58.023702053557386,10,False,7
8.999999999999988,-57.15767664977295,8,False,7
14.99999999999999,-45.03332099679081,4,False,3
14.99999999999999,-45.03332099679081,6,True,11
14.99999999999999,-46.76537180435969,8,False,7
14.99999999999999,-45.03332099679081,6,False,7
16.49999999999999,-44.16729559300637,4,False,7
20.999999999999993,-43.30127018922194,2,False,7
20.999999999999986,-45.03332099679081,0,False,7
19.49999999999999,-42.4352447854375,4,False,7
19.499999999999986,-52.827549630850754,2,False,3
19.499999999999986,-52.827549630850754,8,True,11
17.999999999999986,-53.693575034635195,6,False,7
19.499999999999986,-52.827549630850754,4,False,7
20.999999999999986,-53.693575034635195,2,False,7
23.999999999999986,-57.15767664977295,0,False,7
22.499999999999986,-58.023702053557386,10,False,7
23.999999999999986,-55.42562584220408,2,False,7
14.999999999999986,-60.6217782649107,0,False,3
14.999999999999986,-60.6217782649107,10,True,11
13.499999999999986,-59.75575286112627,4,False,7
14.999999999999986,-60.6217782649107,2,False,7
14.999999999999986,-62.353829072479584,0,False,7
13.499999999999986,-66.68395609140177,10,False,7
11.999999999999986,-65.81793068761733,8,False,7
14.999999999999986,-65.81793068761733,0,False,7
8.999999999999986,-72.74613391789285,10,False,3
8.999999999999986,-72.74613391789285,0,True,11
8.999999999999986,-71.01408311032397,2,False,7
8.999999999999986,-72.74613391789285,0,False,7
7.499999999999984,-73.61215932167728,10,False,7
2.999999999999984,-74.47818472546172,8,False,7
2.999999999999986,-72.74613391789285,6,False,7
4.499999999999984,-75.34421012924616,10,False,7
4.499999999999988,-64.9519052838329,8,False,3
4.499999999999988,-64.9519052838329,2,True,11
5.999999999999988,-64.08587988004845,0,False,7
4.499999999999988,-64.9519052838329,10,False,7
2.9999999999999867,-64.08587988004845,8,False,7
-8.881784197001252e-15,-60.6217782649107,6,False,7
1.4999999999999911,-59.75575286112626,4,False,7
-1.0658141036401503e-14,-62.35382907247957,8,False,7
23.999999999999993,-36.37306695894643,4,False,3
23.999999999999993,-36.37306695894643,6,True,11
23.999999999999993,-38.105117766515306,8,False,7
23.999999999999993,-36.37306695894643,6,False,7
25.499999999999993,-35.50704155516199,4,False,7
29.999999999999993,-34.641016151377556,2,False,7
29.999999999999993,-36.37306695894643,0,False,7
16.499999999999996,-37.239092362730865,8,False,3
16.499999999999996,-37.239092362730865,2,True,11
17.999999999999996,-36.373066958946424,0,False,7
16.499999999999996,-37.239092362730865,10,False,7
14.999999999999998,-36.373066958946424,8,False,7
11.999999999999996,-32.90896534380867,6,False,7
13.500000000000002,-32.04293994002423,4,False,7
12.0,-34.64101615137754,8,False,7
21.0,-29.444863728670917,6,False,3
21.0,-29.444863728670917,4,True,11
22.499999999999993,-30.31088913245536,10,False,7
21.0,-29.444863728670917,8,False,7
20.999999999999993,-27.712812921102042,6,False,7
22.5,-23.38268590217985,4,False,7
24.0,-24.248711305964292,2,False,7
21.0,-24.248711305964292,6,False,7
29.999999999999993,-29.444863728670924,4,False,3
29.999999999999993,-29.444863728670924,6,True,11
29.999999999999993,-31.1769145362398,8,False,7
29.999999999999993,-29.444863728670924,6,False,7
31.499999999999993,-28.578838324886487,4,False,7
36.0,-27.71281292110205,2,False,7
35.99999999999999,-29.444863728670924,0,False,7
34.49999999999999,-26.846787517317612,4,False,7
43.499999999999986,-28.57883832488649,2,False,3
43.499999999999986,-28.57883832488649,8,True,11
41.999999999999986,-29.444863728670928,6,False,7
43.499999999999986,-28.57883832488649,4,False,7
45.0,-29.44486372867093,2,False,7
47.999999999999986,-32.90896534380869,0,False,7
46.499999999999986,-33.77499074759312,10,False,7
47.999999999999986,-31.17691453623981,2,False,7
38.999999999999986,-36.37306695894644,0,False,3
38.999999999999986,-36.37306695894644,10,True,11
37.499999999999986,-35.507041555162,4,False,7
38.999999999999986,-36.37306695894644,2,False,7
38.999999999999986,-38.10511776651531,0,False,7
37.499999999999986,-42.435244785437504,10,False,7
35.999999999999986,-41.56921938165306,8,False,7
38.999999999999986,-41.56921938165307,0,False,7
39.0,-20.784609690826542,4,False,3
39.0,-20.784609690826542,6,True,11
39.0,-22.516660498395417,8,False,7
39.0,-20.784609690826542,6,False,7
40.5,-19.918584287042105,4,False,7
45.0,-19.052558883257667,2,False,7
45.0,-20.78460969082655,0,False,7
43.5,-18.186533479473233,4,False,7
31.499999999999986,-56.29165124598852,2,False,3
31.499999999999986,-56.29165124598852,8,True,11
29.999999999999986,-57.15767664977295,6,False,7
31.499999999999986,-56.29165124598852,4,False,7
32.999999999999986,-57.15767664977295,2,False,7
35.999999999999986,-60.62177826491071,0,False,7
34.499999999999986,-61.48780366869515,10,False,7
26.99999999999999,-50.229473419497445,6,False,3
26.99999999999999,-50.229473419497445,4,True,11
28.49999999999999,-51.095498823281886,10,False,7
26.99999999999999,-50.229473419497445,8,False,7
26.99999999999999,-48.49742261192857,6,False,7
28.499999999999993,-44.16729559300637,4,False,7
29.999999999999993,-45.03332099679081,2,False,7
26.999999999999993,-45.03332099679081,6,False,7
35.999999999999986,-50.22947341949745,4,False,3
35.999999999999986,-50.22947341949745,6,True,11
35.999999999999986,-51.96152422706632,8,False,7
35.999999999999986,-50.22947341949745,6,False,7
37.499999999999986,-49.363448015713004,4,False,7
41.999999999999986,-48.49742261192858,2,False,7
41.999999999999986,-50.22947341949745,0,False,7
40.499999999999986,-47.631397208144136,4,False,7
40.499999999999986,-58.02370205355739,2,False,3
40.499999999999986,-58.02370205355739,8,True,11
38.999999999999986,-58.889727457341834,6,False,7
40.499999999999986,-58.02370205355739,4,False,7
41.999999999999986,-58.889727457341834,2,False,7
44.99999999999997,-62.35382907247959,0,False,7
43.499999999999986,-63.219854476264025,10,False,7
44.999999999999986,-60.62177826491071,2,False,7
47.999999999999986,-69.2820323027551,0,False,3
47.999999999999986,-69.2820323027551,10,True,11
46.499999999999986,-68.41600689897066,4,False,7
47.999999999999986,-69.2820323027551,2,False,7
47.999999999999986,-71.01408311032398,0,False,7
46.49999999999997,-75.34421012924616,10,False,7
44.99999999999997,-74.47818472546173,8,False,7
47.99999999999997,-74.47818472546173,0,False,7
38.999999999999986,-69.2820323027551,10,False,3
38.999999999999986,-69.2820323027551,0,True,11
38.999999999999986,-67.54998149518622,2,False,7
38.999999999999986,-69.2820323027551,0,False,7
37.49999999999998,-70.14805770653953,10,False,7
32.99999999999997,-71.01408311032397,8,False,7
32.99999999999998,-69.28203230275508,6,False,7
34.49999999999997,-71.8801085141084,10,False,7
52.499999999999986,-61.48780366869515,2,False,3
52.499999999999986,-61.48780366869515,8,True,11
50.999999999999986,-62.35382907247959,6,False,7
52.499999999999986,-61.48780366869515,4,False,7
53.999999999999986,-62.35382907247959,2,False,7
56.99999999999997,-65.81793068761735,0,False,7
55.499999999999986,-66.68395609140178,10,False,7
56.999999999999986,-64.08587988004847,2,False,7
17.999999999999986,-72.74613391789285,0,False,3
17.999999999999986,-72.74613391789285,10,True,11
16.499999999999986,-71.8801085141084,4,False,7
17.999999999999986,-72.74613391789285,2,False,7
17.999999999999986,-74.47818472546172,0,False,7
16.499999999999982,-78.80831174438391,10,False,7
14.999999999999982,-77.94228634059948,8,False,7
20.999999999999986,-65.81793068761733,4,False,3
20.999999999999986,-65.81793068761733,6,True,11
20.999999999999986,-67.54998149518622,8,False,7
20.999999999999986,-65.81793068761733,6,False,7
22.499999999999986,-64.9519052838329,4,False,7
26.999999999999986,-64.08587988004847,2,False,7
26.999999999999982,-65.81793068761735,0,False,7
25.499999999999982,-63.219854476264025,4,False,7
25.499999999999982,-73.61215932167728,2,False,3
25.499999999999982,-73.61215932167728,8,True,11
23.999999999999982,-74.47818472546172,6,False,7
25.499999999999982,-73.61215932167728,4,False,7
26.999999999999982,-74.47818472546172,2,False,7
29.999999999999982,-77.94228634059948,0,False,7
28.499999999999982,-78.80831174438391,10,False,7
29.999999999999982,-76.2102355330306,2,False,7
20.999999999999982,-81.40638795573723,0,False,3
20.999999999999982,-81.40638795573723,10,True,11
19.499999999999982,-80.5403625519528,4,False,7
20.999999999999982,-81.40638795573723,2,False,7
20.999999999999982,-83.13843876330611,0,False,7
19.499999999999982,-87.4685657822283,10,False,7
17.999999999999982,-86.60254037844386,8,False,7
20.999999999999982,-86.60254037844386,0,False,7
14.999999999999979,-93.53074360871938,10,False,3
14.999999999999979,-93.53074360871938,0,True,11
14.999999999999979,-91.7986928011505,2,False,7
14.999999999999979,-93.53074360871938,0,False,7
13.499999999999979,-94.39676901250381,10,False,7
8.999999999999975,-95.26279441628824,8,False,7
8.999999999999982,-93.53074360871938,6,False,7
10.499999999999979,-96.12881982007269,10,False,7
10.499999999999982,-85.73651497465943,8,False,3
10.499999999999982,-85.73651497465943,2,True,11
11.999999999999984,-84.87048957087498,0,False,7
10.499999999999982,-85.73651497465943,10,False,7
8.999999999999982,-84.87048957087498,8,False,7
5.999999999999988,-81.40638795573722,6,False,7
7.499999999999988,-80.5403625519528,4,False,7
5.999999999999984,-83.1384387633061,8,False,7
23.99999999999998,-93.53074360871938,0,False,3
23.99999999999998,-93.53074360871938,10,True,11
22.49999999999998,-92.66471820493493,4,False,7
23.99999999999998,-93.53074360871938,2,False,7
23.99999999999998,-95.26279441628824,0,False,7
22.49999999999998,-99.59292143521044,10,False,7
20.99999999999998,-98.72689603142601,8,False,7
23.99999999999998,-98.72689603142601,0,False,7
5.999999999999979,-102.19099764656374,10,False,3
5.999999999999979,-102.19099764656374,0,True,11
5.999999999999975,-100.45894683899488,2,False,7
5.999999999999979,-102.19099764656374,0,False,7
4.499999999999975,-103.05702305034819,10,False,7
-2.1316282072803006e-14,-103.92304845413264,8,False,7
-2.1316282072803006e-14,-102.19099764656374,6,False,7
13.499999999999975,-101.32497224277932,2,False,3
13.499999999999975,-101.32497224277932,8,True,11
11.999999999999975,-102.19099764656376,6,False,7
13.499999999999975,-101.32497224277932,4,False,7
14.999999999999975,-102.19099764656376,2,False,7
17.99999999999998,-105.65509926170151,0,False,7
16.499999999999975,-106.52112466548596,10,False,7
17.999999999999975,-103.92304845413264,2,False,7
8.999999999999979,-109.11920087683927,0,False,3
8.999999999999979,-109.11920087683927,10,True,11
7.499999999999975,-108.25317547305482,4,False,7
8.999999999999979,-109.11920087683927,2,False,7
8.999999999999975,-110.85125168440814,0,False,7
7.499999999999975,-115.18137870333032,10,False,7
5.999999999999979,-114.3153532995459,8,False,7
8.999999999999975,-114.3153532995459,0,False,7
-2.1316282072803006e-14,-109.11920087683927,10,False,3
-2.1316282072803006e-14,-109.11920087683927,0,True,11
-2.842170943040401e-14,-107.38715006927038,2,False,7
-2.1316282072803006e-14,-109.11920087683927,0,False,7
-1.5000000000000213,-109.98522628062369,10,False,7
-6.000000000000028,-110.85125168440814,8,False,7
-6.000000000000021,-109.11920087683926,6,False,7
-4.500000000000021,-111.71727708819257,10,False,7
-13.500000000000028,-109.98522628062369,8,False,3
-13.500000000000028,-109.98522628062369,2,True,11
-12.000000000000028,-109.11920087683927,0,False,7
-13.500000000000028,-109.98522628062369,10,False,7
-15.000000000000028,-109.11920087683927,8,False,7
-18.000000000000025,-105.65509926170151,6,False,7
-16.500000000000018,-104.78907385791706,4,False,7
-18.000000000000025,-107.38715006927038,8,False,7
-9.000000000000018,-102.19099764656374,6,False,3
-9.000000000000018,-102.19099764656374,4,True,11
-7.500000000000018,-103.05702305034819,10,False,7
-9.000000000000018,-102.19099764656374,8,False,7
-9.000000000000018,-100.45894683899488,6,False,7
-7.500000000000014,-96.12881982007269,4,False,7
-6.000000000000014,-96.99484522385713,2,False,7
-9.000000000000014,-96.99484522385713,6,False,7
-9.000000000000021,-117.77945491468364,10,False,3
-9.000000000000021,-117.77945491468364,0,True,11
-9.000000000000028,-116.04740410711477,2,False,7
-9.000000000000021,-117.77945491468364,0,False,7
-10.500000000000028,-118.64548031846809,10,False,7
-15.000000000000018,-119.51150572225254,8,False,7
-15.000000000000021,-117.77945491468364,6,False,7
-13.500000000000021,-120.37753112603696,10,False,7
-1.500000000000016,-82.27241335952166,8,False,3
-1.500000000000016,-82.27241335952166,2,True,11
-1.4210854715202004e-14,-81.40638795573722,0,False,7
-1.500000000000016,-82.27241335952166,10,False,7
-3.0000000000000124,-81.40638795573722,8,False,7
-6.000000000000007,-77.94228634059945,6,False,7
-4.500000000000011,-77.07626093681503,4,False,7
2.9999999999999787,-88.33459118601273,0,False,3
2.9999999999999787,-88.33459118601273,10,True,11
1.4999999999999822,-87.4685657822283,4,False,7
2.9999999999999787,-88.33459118601273,2,False,7
2.9999999999999787,-90.06664199358161,0,False,7
1.4999999999999787,-94.3967690125038,10,False,7
-2.4868995751603507e-14,-93.53074360871935,8,False,7
2.999999999999975,-93.53074360871935,0,False,7
-6.000000000000014,-88.33459118601272,10,False,3
-6.000000000000014,-88.33459118601272,0,True,11
-6.0000000000000195,-86.60254037844385,2,False,7
-6.000000000000014,-88.33459118601272,0,False,7
-7.500000000000021,-89.20061658979716,10,False,7
-12.000000000000018,-90.06664199358158,8,False,7
-12.000000000000018,-88.33459118601272,6,False,7
-10.500000000000018,-90.93266739736603,10,False,7
-10.50000000000001,-80.54036255195277,8,False,3
-10.50000000000001,-80.54036255195277,2,True,11
-9.000000000000007,-79.67433714816833,0,False,7
-10.50000000000001,-80.54036255195277,10,False,7
-12.00000000000001,-79.67433714816833,8,False,7
-15.000000000000004,-76.21023553303058,6,False,7
-13.500000000000007,-75.34421012924614,4,False,7
-15.000000000000007,-77.94228634059945,8,False,7
-18.0,-69.28203230275507,6,False,3
-18.0,-69.28203230275507,4,True,11
-16.5,-70.1480577065395,10,False,7
-18.0,-69.28203230275507,8,False,7
-17.999999999999996,-67.54998149518619,6,False,7
-16.499999999999993,-63.219854476264,4,False,7
-14.999999999999996,-64.08587988004844,2,False,7
-17.999999999999996,-64.08587988004844,6,False,7
-9.0,-69.28203230275507,4,False,3
-9.0,-69.28203230275507,6,True,11
-9.000000000000004,-71.01408311032395,8,False,7
-9.0,-69.28203230275507,6,False,7
-7.4999999999999964,-68.41600689897064,4,False,7
-2.9999999999999982,-67.5499814951862,2,False,7
-3.0,-69.28203230275508,0,False,7
-4.5,-66.68395609140177,4,False,7
-22.50000000000001,-77.076260936815,8,False,3
-22.50000000000001,-77.076260936815,2,True,11
-21.000000000000004,-76.21023553303057,0,False,7
-22.50000000000001,-77.076260936815,10,False,7
-24.000000000000004,-76.21023553303057,8,False,7
-27.000000000000004,-72.74613391789282,6,False,7
-25.50000000000001,-71.88010851410837,4,False,7
-27.00000000000001,-74.47818472546169,8,False,7
26.999999999999975,-105.65509926170151,0,False,3
26.999999999999975,-105.65509926170151,10,True,11
25.499999999999975,-104.78907385791707,4,False,7
26.999999999999975,-105.65509926170151,2,False,7
26.999999999999975,-107.38715006927039,0,False,7
25.499999999999975,-111.71727708819259,10,False,7
23.99999999999997,-110.85125168440814,8,False,7
29.99999999999998,-98.72689603142601,4,False,3
29.99999999999998,-98.72689603142601,6,True,11
29.99999999999998,-100.45894683899488,8,False,7
29.99999999999998,-98.72689603142601,6,False,7
31.49999999999998,-97.86087062764156,4,False,7
35.99999999999998,-96.99484522385713,2,False,7
35.99999999999997,-98.72689603142601,0,False,7
34.49999999999998,-96.12881982007269,4,False,7
34.49999999999997,-106.52112466548596,2,False,3
34.49999999999997,-106.52112466548596,8,True,11
32.99999999999997,-107.38715006927039,6,False,7
34.49999999999997,-106.52112466548596,4,False,7
35.99999999999997,-107.38715006927039,2,False,7
38.99999999999997,-110.85125168440814,0,False,7
37.49999999999997,-111.71727708819259,10,False,7
38.99999999999997,-109.11920087683927,2,False,7
29.999999999999975,-114.3153532995459,0,False,3
29.999999999999975,-114.3153532995459,10,True,11
28.499999999999975,-113.44932789576146,4,False,7
29.999999999999975,-114.3153532995459,2,False,7
29.999999999999975,-116.04740410711477,0,False,7
28.499999999999975,-120.37753112603696,10,False,7
26.999999999999975,-119.51150572225254,8,False,7
29.999999999999975,-119.51150572225254,0,False,7
23.999999999999975,-126.43970895252804,10,False,3
23.999999999999975,-126.43970895252804,0,True,11
23.999999999999975,-124.70765814495917,2,False,7
23.999999999999975,-126.43970895252804,0,False,7
22.499999999999975,-127.30573435631248,10,False,7
17.999999999999975,-128.1717597600969,8,False,7
17.999999999999975,-126.43970895252804,6,False,7
19.499999999999975,-129.03778516388135,10,False,7
19.499999999999975,-118.64548031846809,8,False,3
19.499999999999975,-118.64548031846809,2,True,11
20.99999999999998,-117.77945491468364,0,False,7
19.499999999999975,-118.64548031846809,10,False,7
17.99999999999998,-117.77945491468364,8,False,7
14.999999999999979,-114.3153532995459,6,False,7
16.49999999999998,-113.44932789576146,4,False,7
14.999999999999979,-116.04740410711477,8,False,7
32.99999999999997,-126.43970895252804,0,False,3
32.99999999999997,-126.43970895252804,10,True,11
31.499999999999975,-125.57368354874359,4,False,7
32.99999999999997,-126.43970895252804,2,False,7
32.99999999999997,-128.1717597600969,0,False,7
31.499999999999968,-132.50188677901912,10,False,7
29.999999999999964,-131.63586137523467,8,False,7
32.99999999999997,-131.63586137523467,0,False,7
-42.0,-39.83716857408417,10,False,3
-42.0,-39.83716857408417,0,True,11
-42.0,-38.10511776651529,2,False,7
-42.0,-39.83716857408417,0,False,7
-43.5,-40.70319397786861,10,False,7
-48.0,-41.56921938165304,8,False,7
-48.0,-39.83716857408417,6,False,7
-34.5,-38.97114317029973,2,False,3
-34.5,-38.97114317029973,8,True,11
-36.0,-39.837168574084174,6,False,7
-34.5,-38.97114317029973,4,False,7
-33.0,-39.837168574084174,2,False,7
-30.0,-43.301270189221924,0,False,7
-31.500000000000004,-44.167295593006365,10,False,7
-30.000000000000004,-41.56921938165305,2,False,7
-39.0,-46.765371804359674,0,False,3
-39.0,-46.765371804359674,10,True,11
-40.5,-45.89934640057524,4,False,7
-39.0,-46.765371804359674,2,False,7
-39.0,-48.497422611928556,0,False,7
-40.5,-52.82754963085075,10,False,7
-42.0,-51.961524227066306,8,False,7
-39.0,-51.961524227066306,0,False,7
-48.0,-46.765371804359674,10,False,3
-48.0,-46.765371804359674,0,True,11
-48.0,-45.0333209967908,2,False,7
-48.0,-46.765371804359674,0,False,7
-49.5,-47.631397208144115,10,False,7
-54.0,-48.497422611928556,8,False,7
-54.0,-46.765371804359674,6,False,7
-52.5,-49.36344801571299,10,False,7
-61.5,-47.631397208144115,8,False,3
-61.5,-47.631397208144115,2,True,11
-60.0,-46.765371804359674,0,False,7
-61.5,-47.631397208144115,10,False,7
-63.0,-46.765371804359674,8,False,7
-66.0,-43.301270189221924,6,False,7
-64.5,-42.43524478543748,4,False,7
-66.0,-45.0333209967908,8,False,7
-57.0,-39.83716857408417,6,False,3
-57.0,-39.83716857408417,4,True,11
-55.5,-40.70319397786861,10,False,7
-57.0,-39.83716857408417,8,False,7
-57.0,-38.10511776651529,6,False,7
-55.49999999999999,-33.774990747593094,4,False,7
-53.99999999999999,-34.641016151377535,2,False,7
-56.99999999999999,-34.641016151377535,6,False,7
-22.500000000000004,-42.43524478543749,2,False,3
-22.500000000000004,-42.43524478543749,8,True,11
-24.000000000000004,-43.30127018922193,6,False,7
-22.500000000000004,-42.43524478543749,4,False,7
-21.000000000000004,-43.30127018922193,2,False,7
-18.000000000000007,-46.76537180435969,0,False,7
-19.500000000000004,-47.63139720814412,10,False,7
-27.0,-36.373066958946424,6,False,3
-27.0,-36.373066958946424,4,True,11
-25.5,-37.23909236273086,10,False,7
-27.0,-36.373066958946424,8,False,7
-26.999999999999996,-34.64101615137754,6,False,7
-25.499999999999993,-30.310889132455348,4,False,7
-23.999999999999996,-31.176914536239792,2,False,7
-26.999999999999996,-31.176914536239792,6,False,7
-18.0,-36.373066958946424,4,False,3
-18.0,-36.373066958946424,6,True,11
-18.0,-38.1051177665153,8,False,7
-18.0,-36.373066958946424,6,False,7
-16.5,-35.50704155516198,4,False,7
-12.0,-34.64101615137755,2,False,7
-12.0,-36.373066958946424,0,False,7
-13.5,-33.77499074759311,4,False,7
-13.500000000000007,-44.16729559300637,2,False,3
-13.500000000000007,-44.16729559300637,8,True,11
-15.000000000000004,-45.033320996790806,6,False,7
-13.500000000000007,-44.16729559300637,4,False,7
-12.000000000000007,-45.033320996790806,2,False,7
-9.000000000000004,-48.49742261192857,0,False,7
-10.500000000000007,-49.363448015713004,10,False,7
-9.000000000000007,-46.76537180435969,2,False,7
-6.000000000000014,-55.42562584220407,0,False,3
-6.000000000000014,-55.42562584220407,10,True,11
-7.500000000000007,-54.559600438419636,4,False,7
-6.000000000000014,-55.42562584220407,2,False,7
-6.000000000000007,-57.15767664977295,0,False,7
-7.500000000000007,-61.48780366869515,10,False,7
-9.00000000000001,-60.6217782649107,8,False,7
-6.000000000000014,-60.6217782649107,0,False,7
-15.000000000000007,-55.42562584220407,10,False,3
-15.000000000000007,-55.42562584220407,0,True,11
-15.00000000000001,-53.69357503463519,2,False,7
-15.000000000000007,-55.42562584220407,0,False,7
-16.50000000000001,-56.29165124598851,10,False,7
-21.000000000000007,-57.157676649772945,8,False,7
-21.000000000000007,-55.42562584220407,6,False,7
-19.50000000000001,-58.023702053557386,10,False,7
-1.5000000000000142,-47.63139720814412,2,False,3
-1.5000000000000142,-47.63139720814412,8,True,11
-3.0,-48.49742261192857,6,False,7
-1.5000000000000142,-47.63139720814412,4,False,7
0.0,-48.49742261192857,2,False,7
2.999999999999993,-51.96152422706632,0,False,7
1.4999999999999858,-52.82754963085076,10,False,7
2.999999999999986,-50.229473419497445,2,False,7
-36.0,-58.88972745734182,0,False,3
-36.0,-58.88972745734182,10,True,11
-37.5,-58.02370205355738,4,False,7
-36.0,-58.88972745734182,2,False,7
-36.0,-60.6217782649107,0,False,7
-37.50000000000001,-64.9519052838329,10,False,7
-39.00000000000001,-64.08587988004845,8,False,7
-33.0,-51.96152422706631,4,False,3
-33.0,-51.96152422706631,6,True,11
-33.0,-53.69357503463519,8,False,7
-33.0,-51.96152422706631,6,False,7
-31.5,-51.09549882328187,4,False,7
-27.0,-50.22947341949744,2,False,7
-27.000000000000004,-51.96152422706632,0,False,7
-28.500000000000004,-49.363448015713004,4,False,7
-28.500000000000007,-59.75575286112626,2,False,3
-28.500000000000007,-59.75575286112626,8,True,11
-30.0,-60.621778264910695,6,False,7
-28.500000000000007,-59.75575286112626,4,False,7
-27.0,-60.6217782649107,2,False,7
-24.000000000000007,-64.08587988004845,0,False,7
-25.500000000000007,-64.9519052838329,10,False,7
-24.000000000000007,-62.35382907247958,2,False,7
-33.00000000000001,-67.54998149518622,0,False,3
-33.00000000000001,-67.54998149518622,10,True,11
-34.5,-66.68395609140177,4,False,7
-33.00000000000001,-67.54998149518622,2,False,7
-33.00000000000001,-69.28203230275508,0,False,7
-34.50000000000001,-73.61215932167727,10,False,7
-36.00000000000001,-72.74613391789283,8,False,7
-33.00000000000001,-72.74613391789283,0,False,7
-39.0,-79.67433714816835,10,False,3
-39.0,-79.67433714816835,0,True,11
-39.00000000000001,-77.94228634059947,2,False,7
-39.0,-79.67433714816835,0,False,7
-40.50000000000001,-80.5403625519528,10,False,7
-45.00000000000001,-81.40638795573722,8,False,7
-45.00000000000001,-79.67433714816835,6,False,7
-43.5,-82.27241335952166,10,False,7
-43.50000000000001,-71.8801085141084,8,False,3
-43.50000000000001,-71.8801085141084,2,True,11
-42.0,-71.01408311032395,0,False,7
-43.50000000000001,-71.8801085141084,10,False,7
-45.00000000000001,-71.01408311032395,8,False,7
-48.0,-67.5499814951862,6,False,7
-46.5,-66.68395609140177,4,False,7
-48.0,-69.28203230275508,8,False,7
-30.000000000000007,-79.67433714816835,0,False,3
-30.000000000000007,-79.67433714816835,10,True,11
-31.500000000000007,-78.8083117443839,4,False,7
-30.000000000000007,-79.67433714816835,2,False,7
-30.000000000000007,-81.40638795573722,0,False,7
-31.500000000000014,-85.73651497465941,10,False,7
-33.00000000000001,-84.87048957087498,8,False,7
-30.000000000000004,-84.87048957087498,0,False,7
-57.0,-55.42562584220406,10,False,3
-57.0,-55.42562584220406,0,True,11
-57.0,-53.69357503463519,2,False,7
-57.0,-55.42562584220406,0,False,7
-58.5,-56.291651245988504,10,False,7
-63.0,-57.15767664977294,8,False,7
-63.0,-55.42562584220406,6,False,7
-49.5,-54.55960043841962,2,False,3
-49.5,-54.55960043841962,8,True,11
-51.0,-55.42562584220407,6,False,7
-49.5,-54.55960043841962,4,False,7
-48.00000000000001,-55.42562584220407,2,False,7
-45.0,-58.88972745734182,0,False,7
-46.50000000000001,-59.755752861126254,10,False,7
-45.00000000000001,-57.15767664977294,2,False,7
-54.0,-62.35382907247957,0,False,3
-54.0,-62.35382907247957,10,True,11
-55.5,-61.487803668695136,4,False,7
-54.0,-62.35382907247957,2,False,7
-54.0,-64.08587988004845,0,False,7
-55.50000000000001,-68.41600689897064,10,False,7
-57.0,-67.5499814951862,8,False,7
-54.0,-67.5499814951862,0,False,7
-63.0,-62.35382907247957,10,False,3
-63.0,-62.35382907247957,0,True,11
-63.0,-60.621778264910695,2,False,7
-63.0,-62.35382907247957,0,False,7
-64.5,-63.21985447626401,10,False,7
-69.0,-64.08587988004845,8,False,7
-69.0,-62.35382907247957,6,False,7
-67.5,-64.95190528383289,10,False,7
-76.5,-63.21985447626401,8,False,3
-76.5,-63.21985447626401,2,True,11
-75.0,-62.35382907247957,0,False,7
-76.5,-63.21985447626401,10,False,7
-78.0,-62.35382907247957,8,False,7
-81.0,-58.88972745734182,6,False,7
-79.5,-58.02370205355738,4,False,7
-81.0,-60.621778264910695,8,False,7
-72.0,-55.42562584220406,6,False,3
-72.0,-55.42562584220406,4,True,11
-70.5,-56.291651245988504,10,False,7
-72.0,-55.42562584220406,8,False,7
-72.0,-53.69357503463518,6,False,7
-70.5,-49.36344801571299,4,False,7
-69.0,-50.22947341949743,2,False,7
-72.0,-50.22947341949743,6,False,7
-72.0,-71.01408311032395,10,False,3
-72.0,-71.01408311032395,0,True,11
-72.0,-69.28203230275508,2,False,7
-72.0,-71.01408311032395,0,False,7
-73.5,-71.8801085141084,10,False,7
-78.0,-72.74613391789283,8,False,7
-78.0,-71.01408311032395,6,False,7
-76.5,-73.61215932167727,10,False,7
-88.5,-59.755752861126254,8,False,3
-88.5,-59.755752861126254,2,True,11
-87.0,-58.88972745734182,0,False,7
-88.5,-59.755752861126254,10,False,7
-90.0,-58.88972745734182,8,False,7
-93.0,-55.42562584220406,6,False,7
-91.5,-54.55960043841962,4,False,7
-84.0,-65.81793068761732,0,False,3
-84.0,-65.81793068761732,10,True,11
-85.5,-64.95190528383289,4,False,7
-84.0,-65.81793068761732,2,False,7
-84.0,-67.54998149518619,0,False,7
-85.5,-71.8801085141084,10,False,7
-87.0,-71.01408311032395,8,False,7
-84.0,-71.01408311032395,0,False,7
-93.0,-65.81793068761732,10,False,3
-93.0,-65.81793068761732,0,True,11
-93.0,-64.08587988004844,2,False,7
-93.0,-65.81793068761732,0,False,7
-94.5,-66.68395609140175,10,False,7
-99.0,-67.5499814951862,8,False,7
-99.0,-65.81793068761732,6,False,7
-97.5,-68.41600689897064,10,False,7
-97.5,-58.02370205355738,8,False,3
-97.5,-58.02370205355738,2,True,11
-96.0,-57.15767664977294,0,False,7
-97.5,-58.02370205355738,10,False,7
-99.0,-57.15767664977294,8,False,7
-102.0,-53.69357503463519,6,False,7
-100.5,-52.82754963085075,4,False,7
-102.0,-55.42562584220406,8,False,7
-105.0,-46.765371804359674,6,False,3
-105.0,-46.765371804359674,4,True,11
-103.5,-47.63139720814411,10,False,7
-105.0,-46.765371804359674,8,False,7
-105.0,-45.03332099679079,6,False,7
-103.5,-40.703193977868594,4,False,7
-102.0,-41.56921938165304,2,False,7
-105.0,-41.56921938165304,6,False,7
-96.0,-46.765371804359674,4,False,3
-96.0,-46.765371804359674,6,True,11
-96.0,-48.497422611928556,8,False,7
-96.0,-46.765371804359674,6,False,7
-94.5,-45.89934640057523,4,False,7
-90.0,-45.033320996790806,2,False,7
-90.0,-46.76537180435968,0,False,7
-91.5,-44.167295593006365,4,False,7
-109.5,-54.559600438419615,8,False,3
-109.5,-54.559600438419615,2,True,11
-108.0,-53.693575034635174,0,False,7
-109.5,-54.559600438419615,10,False,7
-111.0,-53.693575034635174,8,False,7
-114.00000000000001,-50.229473419497424,6,False,7
-112.5,-49.36344801571299,4,False,7
-114.0,-51.9615242270663,8,False,7
-75.0,-43.30127018922192,6,False,3
-75.0,-43.30127018922192,4,True,11
-73.5,-44.16729559300636,10,False,7
-75.0,-43.30127018922192,8,False,7
-74.99999999999999,-41.56921938165304,6,False,7
-73.49999999999999,-37.23909236273085,4,False,7
-71.99999999999999,-38.105117766515285,2,False,7
-78.0,-50.229473419497424,10,False,3
-78.0,-50.229473419497424,0,True,11
-78.0,-48.49742261192855,2,False,7
-78.0,-50.229473419497424,0,False,7
-79.5,-51.095498823281865,10,False,7
-84.0,-51.9615242270663,8,False,7
-84.0,-50.22947341949742,6,False,7
-82.5,-52.82754963085073,10,False,7
-82.49999999999999,-42.435244785437476,8,False,3
-82.49999999999999,-42.435244785437476,2,True,11
-81.0,-41.56921938165304,0,False,7
-82.49999999999999,-42.435244785437476,10,False,7
-84.0,-41.569219381653035,8,False,7
-86.99999999999999,-38.10511776651528,6,False,7
-85.49999999999999,-37.239092362730844,4,False,7
-86.99999999999999,-39.83716857408416,8,False,7
-77.99999999999999,-34.64101615137753,6,False,3
-77.99999999999999,-34.64101615137753,4,True,11
-76.49999999999999,-35.507041555161976,10,False,7
-77.99999999999999,-34.64101615137753,8,False,7
-77.99999999999999,-32.90896534380865,6,False,7
-76.49999999999997,-28.578838324886462,4,False,7
-74.99999999999999,-29.444863728670903,2,False,7
-77.99999999999999,-29.444863728670903,6,False,7
-71.99999999999997,-22.516660498395396,4,False,3
-71.99999999999997,-22.516660498395396,6,True,11
-71.99999999999997,-24.24871130596427,8,False,7
-71.99999999999997,-22.516660498395396,6,False,7
-70.49999999999997,-21.65063509461096,4,False,7
-65.99999999999997,-20.78460969082652,2,False,7
-65.99999999999999,-22.5166604983954,0,False,7
-67.49999999999997,-19.918584287042084,4,False,7
-67.49999999999999,-30.310889132455344,2,False,3
-67.49999999999999,-30.310889132455344,8,True,11
-68.99999999999999,-31.176914536239785,6,False,7
-67.49999999999999,-30.310889132455344,4,False,7
-65.99999999999999,-31.17691453623979,2,False,7
-62.999999999999986,-34.64101615137754,0,False,7
-64.49999999999999,-35.50704155516198,10,False,7
-62.999999999999986,-32.90896534380867,2,False,7
-80.99999999999997,-22.516660498395385,6,False,3
-80.99999999999997,-22.516660498395385,4,True,11
-79.49999999999997,-23.382685902179826,10,False,7
-80.99999999999997,-22.516660498395385,8,False,7
-80.99999999999997,-20.784609690826514,6,False,7
-79.49999999999997,-16.454482671904323,4,False,7
-77.99999999999997,-17.320508075688757,2,False,7
-80.99999999999997,-17.320508075688757,6,False,7
-81.0,-79.67433714816835,10,False,3
-81.0,-79.67433714816835,0,True,11
-81.0,-77.94228634059947,2,False,7
-81.0,-79.67433714816835,0,False,7
-82.5,-80.54036255195278,10,False,7
-87.0,-81.40638795573722,8,False,7
-87.0,-79.67433714816835,6,False,7
-73.5,-78.8083117443839,2,False,3
-73.5,-78.8083117443839,8,True,11
-75.0,-79.67433714816835,6,False,7
-73.5,-78.8083117443839,4,False,7
-72.0,-79.67433714816835,2,False,7
-69.0,-83.1384387633061,0,False,7
-70.5,-84.00446416709053,10,False,7
-69.0,-81.40638795573722,2,False,7
-78.0,-86.60254037844385,0,False,3
-78.0,-86.60254037844385,10,True,11
-79.5,-85.73651497465941,4,False,7
-78.0,-86.60254037844385,2,False,7
-78.0,-88.33459118601273,0,False,7
-79.5,-92.66471820493493,10,False,7
-81.0,-91.79869280115048,8,False,7
-78.0,-91.79869280115048,0,False,7
-87.0,-86.60254037844385,10,False,3
-87.0,-86.60254037844385,0,True,11
-87.0,-84.87048957087498,2,False,7
-87.0,-86.60254037844385,0,False,7
-88.5,-87.4685657822283,10,False,7
-93.0,-88.33459118601273,8,False,7
-93.0,-86.60254037844385,6,False,7
-91.5,-89.20061658979716,10,False,7
-100.5,-87.4685657822283,8,False,3
-100.5,-87.4685657822283,2,True,11
-99.0,-86.60254037844385,0,False,7
-100.5,-87.4685657822283,10,False,7
-102.0,-86.60254037844385,8,False,7
-105.0,-83.1384387633061,6,False,7
-103.5,-82.27241335952166,4,False,7
-105.0,-84.87048957087498,8,False,7
-96.0,-79.67433714816835,6,False,3
-96.0,-79.67433714816835,4,True,11
-94.5,-80.54036255195278,10,False,7
-96.0,-79.67433714816835,8,False,7
-96.0,-77.94228634059947,6,False,7
-94.5,-73.61215932167727,4,False,7
-93.0,-74.47818472546172,2,False,7
-96.0,-74.47818472546172,6,False,7
-96.0,-95.26279441628824,10,False,3
-96.0,-95.26279441628824,0,True,11
-96.0,-93.53074360871936,2,False,7
-96.0,-95.26279441628824,0,False,7
-97.5,-96.12881982007268,10,False,7
-102.0,-96.99484522385711,8,False,7
-102.0,-95.26279441628824,6,False,7
-100.5,-97.86087062764156,10,False,7
-58.5,12.990381056766578,8,False,3
-58.5,12.990381056766578,2,True,11
-57.0,13.856406460551018,0,False,7
-58.5,12.990381056766578,10,False,7
-60.0,13.856406460551018,8,False,7
-63.0,17.32050807568877,6,False,7
-61.5,18.186533479473212,4,False,7
-54.0,6.928203230275509,0,False,3
-54.0,6.928203230275509,10,True,11
-55.5,7.794228634059947,4,False,7
-54.0,6.928203230275509,2,False,7
-54.0,5.196152422706632,0,False,7
-55.5,0.8660254037844375,10,False,7
-57.0,1.7320508075688785,8,False,7
-54.0,1.7320508075688785,0,False,7
-63.0,6.928203230275509,10,False,3
-63.0,6.928203230275509,0,True,11
-63.0,8.660254037844386,2,False,7
-63.0,6.928203230275509,0,False,7
-64.5,6.0621778264910695,10,False,7
-69.0,5.196152422706632,8,False,7
-69.0,6.928203230275509,6,False,7
-67.5,4.330127018922193,10,False,7
-67.5,14.722431864335457,8,False,3
-67.5,14.722431864335457,2,True,11
-66.0,15.588457268119894,0,False,7
-67.5,14.722431864335457,10,False,7
-69.0,15.588457268119894,8,False,7
-72.0,19.05255888325765,6,False,7
-70.5,19.918584287042087,4,False,7
-72.0,17.32050807568877,8,False,7
-75.0,25.980762113533157,6,False,3
-75.0,25.980762113533157,4,True,11
-73.5,25.11473670974872,10,False,7
-75.0,25.980762113533157,8,False,7
-75.0,27.712812921102035,6,False,7
-73.5,32.042939940024226,4,False,7
-72.0,31.17691453623979,2,False,7
-75.0,31.17691453623979,6,False,7
-66.0,25.980762113533157,4,False,3
-66.0,25.980762113533157,6,True,11
-66.0,24.248711305964278,8,False,7
-66.0,25.980762113533157,6,False,7
-64.5,26.846787517317594,4,False,7
-60.0,27.71281292110203,2,False,7
-60.0,25.980762113533153,0,False,7
-61.5,28.57883832488647,4,False,7
-51.00000000000001,-5.196152422706632,0,False,3
-51.00000000000001,-5.196152422706632,10,True,11
-52.50000000000001,-4.3301270189221945,4,False,7
-51.00000000000001,-5.196152422706632,2,False,7
-51.00000000000001,-6.9282032302755105,0,False,7
-52.50000000000001,-11.258330249197702,10,False,7
-54.00000000000001,-10.392304845413264,8,False,7
-48.0,1.7320508075688732,4,False,3
-48.0,1.7320508075688732,6,True,11
-48.0,-3.552713678800501e-15,8,False,7
-48.0,1.7320508075688732,6,False,7
-46.5,2.5980762113533107,4,False,7
-42.0,3.464101615137748,2,False,7
-42.00000000000001,1.7320508075688696,0,False,7
-43.5,4.330127018922186,4,False,7
-43.50000000000001,-6.062177826491073,2,False,3
-43.50000000000001,-6.062177826491073,8,True,11
-45.00000000000001,-6.9282032302755105,6,False,7
-43.50000000000001,-6.062177826491073,4,False,7
-42.00000000000001,-6.9282032302755105,2,False,7
-39.00000000000001,-10.392304845413268,0,False,7
-40.50000000000001,-11.258330249197705,10,False,7
-39.00000000000001,-8.660254037844389,2,False,7
-48.00000000000001,-13.856406460551018,0,False,3
-48.00000000000001,-13.856406460551018,10,True,11
-49.50000000000001,-12.99038105676658,4,False,7
-48.00000000000001,-13.856406460551018,2,False,7
-48.00000000000001,-15.588457268119896,0,False,7
-49.50000000000001,-19.91858428704209,10,False,7
-51.00000000000001,-19.05255888325765,8,False,7
-48.00000000000001,-19.05255888325765,0,False,7
-54.00000000000001,-25.980762113533157,10,False,3
-54.00000000000001,-25.980762113533157,0,True,11
-54.00000000000001,-24.24871130596428,2,False,7
-54.00000000000001,-25.980762113533157,0,False,7
-55.50000000000001,-26.846787517317598,10,False,7
-60.00000000000001,-27.71281292110204,8,False,7
-60.00000000000001,-25.980762113533157,6,False,7
-58.50000000000001,-28.578838324886473,10,False,7
-58.50000000000001,-18.18653347947321,8,False,3
-58.50000000000001,-18.18653347947321,2,True,11
-57.00000000000001,-17.320508075688767,0,False,7
-58.50000000000001,-18.18653347947321,10,False,7
-60.00000000000001,-17.320508075688767,8,False,7
-63.0,-13.856406460551014,6,False,7
-61.5,-12.990381056766577,4,False,7
-63.0,-15.588457268119889,8,False,7
-45.00000000000001,-25.980762113533157,0,False,3
-45.00000000000001,-25.980762113533157,10,True,11
-46.50000000000001,-25.114736709748723,4,False,7
-45.00000000000001,-25.980762113533157,2,False,7
-45.00000000000001,-27.71281292110204,0,False,7
-46.500000000000014,-32.042939940024226,10,False,7
-48.000000000000014,-31.17691453623979,8,False,7
-45.000000000000014,-31.17691453623979,0,False,7
-72.0,-1.7320508075688767,10,False,3
-72.0,-1.7320508075688767,0,True,11
-72.0,0.0,2,False,7
-72.0,-1.7320508075688767,0,False,7
-73.5,-2.598076211353316,10,False,7
-78.0,-3.4641016151377535,8,False,7
-78.0,-1.7320508075688767,6,False,7
-64.5,-0.866025403784441,2,False,3
-64.5,-0.866025403784441,8,True,11
-66.0,-1.7320508075688785,6,False,7
-64.5,-0.866025403784441,4,False,7
-63.0,-1.7320508075688785,2,False,7
-60.0,-5.196152422706636,0,False,7
-61.5,-6.062177826491073,10,False,7
-60.0,-3.464101615137757,2,False,7
-69.0,-8.660254037844386,0,False,3
-69.0,-8.660254037844386,10,True,11
-70.5,-7.794228634059948,4,False,7
-69.0,-8.660254037844386,2,False,7
-69.0,-10.392304845413264,0,False,7
-70.5,-14.722431864335455,10,False,7
-72.0,-13.856406460551018,8,False,7
-69.0,-13.856406460551018,0,False,7
-78.0,-8.660254037844386,10,False,3
-78.0,-8.660254037844386,0,True,11
-78.0,-6.9282032302755105,2,False,7
-78.0,-8.660254037844386,0,False,7
-79.5,-9.526279441628823,10,False,7
-84.0,-10.39230484541326,8,False,7
-84.0,-8.660254037844386,6,False,7
-82.5,-11.258330249197702,10,False,7
-91.5,-9.526279441628827,8,False,3
-91.5,-9.526279441628827,2,True,11
-90.0,-8.660254037844386,0,False,7
-91.5,-9.526279441628827,10,False,7
-93.0,-8.660254037844386,8,False,7
-96.0,-5.1961524227066285,6,False,7
-94.5,-4.330127018922191,4,False,7
-96.0,-6.9282032302755105,8,False,7
-87.0,-1.732050807568875,6,False,3
-87.0,-1.732050807568875,4,True,11
-85.5,-2.598076211353316,10,False,7
-87.0,-1.732050807568875,8,False,7
-87.0,3.552713678800501e-15,6,False,7
-85.5,4.3301270189221945,4,False,7
-84.0,3.4641016151377553,2,False,7
-87.0,3.464101615137757,6,False,7
-87.0,-17.32050807568877,10,False,3
-87.0,-17.32050807568877,0,True,11
-87.0,-15.588457268119896,2,False,7
-87.0,-17.32050807568877,0,False,7
-88.5,-18.18653347947321,10,False,7
-93.0,-19.052558883257642,8,False,7
-93.0,-17.32050807568877,6,False,7
-91.5,-19.91858428704209,10,False,7
-79.5,18.186533479473212,8,False,3
-79.5,18.186533479473212,2,True,11
-78.0,19.05255888325765,0,False,7
-79.5,18.186533479473212,10,False,7
-81.0,19.05255888325765,8,False,7
-84.0,22.516660498395403,6,False,7
-82.5,23.382685902179844,4,False,7
-75.0,12.12435565298214,0,False,3
-75.0,12.12435565298214,10,True,11
-76.5,12.99038105676658,4,False,7
-75.0,12.12435565298214,2,False,7
-75.0,10.392304845413264,0,False,7
-76.5,6.0621778264910695,10,False,7
-78.0,6.9282032302755105,8,False,7
-75.0,6.9282032302755105,0,False,7
-84.0,12.12435565298214,10,False,3
-84.0,12.12435565298214,0,True,11
-84.0,13.856406460551018,2,False,7
-84.0,12.12435565298214,0,False,7
-85.5,11.258330249197702,10,False,7
-90.0,10.392304845413264,8,False,7
-90.0,12.12435565298214,6,False,7
-88.5,9.526279441628825,10,False,7
-88.5,19.918584287042087,8,False,3
-88.5,19.918584287042087,2,True,11
-87.0,20.784609690826528,0,False,7
-88.5,19.918584287042087,10,False,7
-90.0,20.784609690826528,8,False,7
-93.0,24.24871130596428,6,False,7
-91.5,25.11473670974872,4,False,7
-93.0,22.516660498395403,8,False,7
-96.0,31.17691453623979,6,False,3
-96.0,31.17691453623979,4,True,11
-94.5,30.31088913245535,10,False,7
-96.0,31.17691453623979,8,False,7
-96.0,32.90896534380867,6,False,7
-94.5,37.23909236273086,4,False,7
-93.0,36.373066958946424,2,False,7
-96.0,36.373066958946424,6,False,7
-87.0,31.17691453623979,4,False,3
-87.0,31.17691453623979,6,True,11
-87.0,29.44486372867091,8,False,7
-87.0,31.17691453623979,6,False,7
-85.5,32.042939940024226,4,False,7
-81.0,32.90896534380866,2,False,7
-81.0,31.176914536239785,0,False,7
-82.5,33.7749907475931,4,False,7
-100.5,23.382685902179844,8,False,3
-100.5,23.382685902179844,2,True,11
-99.0,24.24871130596428,0,False,7
-100.5,23.382685902179844,10,False,7
-102.0,24.24871130596428,8,False,7
-105.0,27.712812921102035,6,False,7
-103.5,28.578838324886476,4,False,7
-105.0,25.98076211353316,8,False,7
-99.0,43.30127018922193,6,False,3
-99.0,43.30127018922193,4,True,11
-97.5,42.43524478543749,10,False,7
-99.0,43.30127018922193,8,False,7
-99.0,45.033320996790806,6,False,7
-97.5,49.363448015713004,4,False,7
-96.0,48.497422611928556,2,False,7
-102.0,36.373066958946424,10,False,3
-102.0,36.373066958946424,0,True,11
-102.0,38.105117766515306,2,False,7
-102.0,36.373066958946424,0,False,7
-103.5,35.50704155516199,10,False,7
-108.0,34.64101615137754,8,False,7
-108.0,36.373066958946424,6,False,7
-106.5,33.77499074759311,10,False,7
-106.5,44.16729559300637,8,False,3
-106.5,44.16729559300637,2,True,11
-105.0,45.033320996790806,0,False,7
-106.5,44.16729559300637,10,False,7
-108.0,45.033320996790806,8,False,7
-111.0,48.497422611928556,6,False,7
-109.5,49.363448015713004,4,False,7
-111.0,46.76537180435969,8,False,7
-102.0,51.96152422706632,6,False,3
-102.0,51.96152422706632,4,True,11
-100.5,51.095498823281886,10,False,7
-102.0,51.96152422706632,8,False,7
-102.0,53.69357503463519,6,False,7
-100.5,58.023702053557386,4,False,7
-99.0,57.15767664977295,2,False,7
-102.0,57.15767664977295,6,False,7
-96.0,64.08587988004847,4,False,3
-96.0,64.08587988004847,6,True,11
-96.0,62.353829072479584,8,False,7
-96.0,64.08587988004847,6,False,7
-94.5,64.9519052838329,4,False,7
-90.0,65.81793068761733,2,False,7
-90.0,64.08587988004845,0,False,7
-91.5,66.68395609140178,4,False,7
-91.5,56.291651245988504,2,False,3
-91.5,56.291651245988504,8,True,11
-93.0,55.42562584220407,6,False,7
-91.5,56.291651245988504,4,False,7
-90.0,55.42562584220407,2,False,7
-87.0,51.96152422706632,0,False,7
-88.5,51.09549882328187,10,False,7
-87.0,53.69357503463519,2,False,7
-105.0,64.08587988004845,6,False,3
-105.0,64.08587988004845,4,True,11
-103.5,63.21985447626402,10,False,7
-105.0,64.08587988004845,8,False,7
-105.0,65.81793068761733,6,False,7
-103.5,70.14805770653953,4,False,7
-102.0,69.28203230275508,2,False,7
-105.0,69.28203230275508,6,False,7
-78.0,39.837168574084174,4,False,3
-78.0,39.837168574084174,6,True,11
-78.0,38.10511776651529,8,False,7
-78.0,39.837168574084174,6,False,7
-76.5,40.70319397786861,4,False,7
-72.0,41.56921938165304,2,False,7
-72.0,39.83716857408417,0,False,7
-85.5,38.97114317029974,8,False,3
-85.5,38.97114317029974,2,True,11
-84.0,39.837168574084174,0,False,7
-85.5,38.97114317029974,10,False,7
-87.0,39.837168574084174,8,False,7
-90.0,43.30127018922193,6,False,7
-88.49999999999999,44.16729559300637,4,False,7
-89.99999999999999,41.569219381653056,8,False,7
-80.99999999999999,46.765371804359674,6,False,3
-80.99999999999999,46.765371804359674,4,True,11
-79.5,45.89934640057524,10,False,7
-80.99999999999999,46.765371804359674,8,False,7
-80.99999999999999,48.497422611928556,6,False,7
-79.49999999999999,52.82754963085074,4,False,7
-77.99999999999999,51.961524227066306,2,False,7
-80.99999999999999,51.961524227066306,6,False,7
-71.99999999999999,46.765371804359674,4,False,3
-71.99999999999999,46.765371804359674,6,True,11
-72.0,45.03332099679079,8,False,7
-71.99999999999999,46.765371804359674,6,False,7
-70.49999999999999,47.63139720814411,4,False,7
-65.99999999999999,48.49742261192854,2,False,7
-66.0,46.765371804359674,0,False,7
-67.49999999999999,49.36344801571299,4,False,7
-58.49999999999999,47.63139720814411,2,False,3
-58.49999999999999,47.63139720814411,8,True,11
-59.999999999999986,46.76537180435966,6,False,7
-58.49999999999999,47.63139720814411,4,False,7
-56.99999999999999,46.76537180435966,2,False,7
-53.99999999999999,43.30127018922191,0,False,7
-55.5,42.435244785437476,10,False,7
-54.0,45.03332099679079,2,False,7
-63.0,39.83716857408416,0,False,3
-63.0,39.83716857408416,10,True,11
-64.5,40.7031939778686,4,False,7
-63.0,39.83716857408416,2,False,7
-63.0,38.10511776651528,0,False,7
-64.5,33.774990747593094,10,False,7
-66.0,34.64101615137753,8,False,7
-63.0,34.64101615137753,0,False,7
-62.999999999999986,55.425625842204056,4,False,3
-62.999999999999986,55.425625842204056,6,True,11
-62.999999999999986,53.693575034635174,8,False,7
-62.999999999999986,55.425625842204056,6,False,7
-61.499999999999986,56.29165124598849,4,False,7
-56.999999999999986,57.157676649772924,2,False,7
-56.999999999999986,55.425625842204056,0,False,7
-58.499999999999986,58.02370205355737,4,False,7
-112.5,26.846787517317594,8,False,3
-112.5,26.846787517317594,2,True,11
-111.0,27.712812921102035,0,False,7
-112.5,26.846787517317594,10,False,7
-114.0,27.712812921102035,8,False,7
-117.0,31.17691453623979,6,False,7
-115.5,32.042939940024226,4,False,7
-108.0,20.784609690826528,0,False,3
-108.0,20.784609690826528,10,True,11
-109.5,21.650635094610966,4,False,7
-108.0,20.784609690826528,2,False,7
-108.0,19.05255888325765,0,False,7
-109.5,14.722431864335455,10,False,7
-111.0,15.588457268119896,8,False,7
-108.0,15.588457268119896,0,False,7
-117.0,20.784609690826528,10,False,3
-117.0,20.784609690826528,0,True,11
-117.0,22.516660498395403,2,False,7
-117.0,20.784609690826528,0,False,7
-118.5,19.918584287042087,10,False,7
-123.0,19.05255888325765,8,False,7
-123.0,20.784609690826528,6,False,7
-121.5,18.186533479473212,10,False,7
-121.5,28.578838324886476,8,False,3
-121.5,28.578838324886476,2,True,11
-120.0,29.44486372867091,0,False,7
-121.5,28.578838324886476,10,False,7
-123.0,29.44486372867091,8,False,7
-126.0,32.90896534380867,6,False,7
-124.5,33.77499074759311,4,False,7
-126.0,31.17691453623979,8,False,7
-129.0,39.837168574084174,6,False,3
-129.0,39.837168574084174,4,True,11
-127.5,38.97114317029974,10,False,7
-129.0,39.837168574084174,8,False,7
-129.0,41.569219381653056,6,False,7
-127.5,45.89934640057524,4,False,7
-126.0,45.033320996790806,2,False,7
-129.0,45.033320996790806,6,False,7
-120.0,39.837168574084174,4,False,3
-120.0,39.837168574084174,6,True,11
-120.0,38.10511776651529,8,False,7
-120.0,39.837168574084174,6,False,7
-118.5,40.70319397786861,4,False,7
-114.0,41.56921938165305,2,False,7
-114.0,39.837168574084174,0,False,7
-115.5,42.43524478543749,4,False,7
-133.5,32.042939940024226,8,False,3
-133.5,32.042939940024226,2,True,11
-132.0,32.90896534380867,0,False,7
-133.5,32.042939940024226,10,False,7
-135.0,32.90896534380867,8,False,7
-138.0,36.373066958946424,6,False,7
-136.5,37.23909236273086,4,False,7
-138.0,34.64101615137754,8,False,7
-108.0,76.2102355330306,6,False,3
-108.0,76.2102355330306,4,True,11
-106.5,75.34421012924616,10,False,7
-108.0,76.2102355330306,8,False,7
-108.0,77.94228634059948,6,False,7
-106.5,82.27241335952168,4,False,7
-105.0,81.40638795573723,2,False,7
-111.0,69.2820323027551,10,False,3
-111.0,69.2820323027551,0,True,11
-111.0,71.01408311032397,2,False,7
-111.0,69.2820323027551,0,False,7
-112.5,68.41600689897065,10,False,7
-117.0,67.54998149518622,8,False,7
-117.0,69.2820323027551,6,False,7
-115.5,66.68395609140178,10,False,7
-115.5,77.07626093681505,8,False,3
-115.5,77.07626093681505,2,True,11
-114.0,77.94228634059948,0,False,7
-115.5,77.07626093681505,10,False,7
-117.0,77.94228634059948,8,False,7
-120.0,81.40638795573723,6,False,7
-118.5,82.27241335952166,4,False,7
-120.0,79.67433714816835,8,False,7
-111.0,84.87048957087498,6,False,3
-111.0,84.87048957087498,4,True,11
-109.5,84.00446416709055,10,False,7
-111.0,84.87048957087498,8,False,7
-111.0,86.60254037844386,6,False,7
-109.5,90.93266739736606,4,False,7
-108.0,90.06664199358161,2,False,7
-111.0,90.06664199358161,6,False,7
-105.0,96.99484522385714,4,False,3
-105.0,96.99484522385714,6,True,11
-105.0,95.26279441628826,8,False,7
-105.0,96.99484522385714,6,False,7
-103.5,97.86087062764157,4,False,7
-99.0,98.72689603142601,2,False,7
-99.0,96.99484522385713,0,False,7
-100.5,99.59292143521046,4,False,7
-100.5,89.20061658979718,2,False,3
-100.5,89.20061658979718,8,True,11
-102.0,88.33459118601274,6,False,7
-100.5,89.20061658979718,4,False,7
-99.0,88.33459118601274,2,False,7
-96.0,84.87048957087498,0,False,7
-97.5,84.00446416709055,10,False,7
-96.0,86.60254037844386,2,False,7
-120.0,60.62177826491071,10,False,3
-120.0,60.62177826491071,0,True,11
-120.0,62.353829072479584,2,False,7
-120.0,60.62177826491071,0,False,7
-121.5,59.75575286112627,10,False,7
-126.0,58.889727457341834,8,False,7
-126.0,60.62177826491071,6,False,7
-112.5,61.48780366869514,2,False,3
-112.5,61.48780366869514,8,True,11
-114.0,60.62177826491071,6,False,7
-112.5,61.48780366869514,4,False,7
-111.0,60.6217782649107,2,False,7
-108.0,57.15767664977295,0,False,7
-109.5,56.29165124598852,10,False,7
-108.0,58.88972745734183,2,False,7
-117.0,53.6935750346352,0,False,3
-117.0,53.6935750346352,10,True,11
-118.5,54.559600438419636,4,False,7
-117.0,53.6935750346352,2,False,7
-117.0,51.96152422706632,0,False,7
-118.5,47.63139720814413,10,False,7
-120.0,48.49742261192857,8,False,7
-117.0,48.49742261192857,0,False,7
-126.0,53.6935750346352,10,False,3
-126.0,53.6935750346352,0,True,11
-126.0,55.42562584220408,2,False,7
-126.0,53.6935750346352,0,False,7
-127.5,52.82754963085076,10,False,7
-132.0,51.96152422706632,8,False,7
-132.0,53.6935750346352,6,False,7
-130.5,51.095498823281886,10,False,7
-139.5,52.82754963085077,8,False,3
-139.5,52.82754963085077,2,True,11
-138.0,53.6935750346352,0,False,7
-139.5,52.82754963085077,10,False,7
-141.0,53.6935750346352,8,False,7
-144.0,57.15767664977295,6,False,7
-142.5,58.02370205355739,4,False,7
-144.0,55.425625842204084,8,False,7
-135.0,60.62177826491071,6,False,3
-135.0,60.62177826491071,4,True,11
-133.5,59.75575286112627,10,False,7
-135.0,60.62177826491071,8,False,7
-135.0,62.35382907247959,6,False,7
-133.5,66.68395609140178,4,False,7
-132.0,65.81793068761733,2,False,7
-135.0,65.81793068761735,6,False,7
-135.0,45.03332099679082,10,False,3
-135.0,45.03332099679082,0,True,11
-135.0,46.76537180435969,2,False,7
-135.0,45.03332099679082,0,False,7
-136.5,44.16729559300637,10,False,7
-141.0,43.30127018922194,8,False,7
-141.0,45.03332099679082,6,False,7
-139.5,42.435244785437504,10,False,7
-127.5,80.5403625519528,8,False,3
-127.5,80.5403625519528,2,True,11
-126.0,81.40638795573723,0,False,7
-127.5,80.5403625519528,10,False,7
-129.0,81.40638795573723,8,False,7
-132.0,84.870489570875,6,False,7
-130.5,85.73651497465943,4,False,7
-123.0,74.47818472546172,0,False,3
-123.0,74.47818472546172,10,True,11
-124.5,75.34421012924616,4,False,7
-123.0,74.47818472546172,2,False,7
-123.0,72.74613391789285,0,False,7
-124.5,68.41600689897065,10,False,7
-126.0,69.2820323027551,8,False,7
-123.0,69.2820323027551,0,False,7
-132.0,74.47818472546173,10,False,3
-132.0,74.47818472546173,0,True,11
-132.0,76.2102355330306,2,False,7
-132.0,74.47818472546173,0,False,7
-133.5,73.61215932167728,10,False,7
-138.0,72.74613391789285,8,False,7
-138.0,74.47818472546173,6,False,7
-136.5,71.8801085141084,10,False,7
-136.5,82.27241335952168,8,False,3
-136.5,82.27241335952168,2,True,11
-135.0,83.13843876330611,0,False,7
-136.5,82.27241335952168,10,False,7
-138.0,83.13843876330611,8,False,7
-141.0,86.60254037844386,6,False,7
-139.5,87.4685657822283,4,False,7
-141.0,84.87048957087498,8,False,7
-144.0,93.53074360871938,6,False,3
-144.0,93.53074360871938,4,True,11
-142.5,92.66471820493493,10,False,7
-144.0,93.53074360871938,8,False,7
-144.0,95.26279441628824,6,False,7
-142.5,99.59292143521046,4,False,7
-141.0,98.72689603142601,2,False,7
-144.0,98.72689603142601,6,False,7
-135.0,93.53074360871938,4,False,3
-135.0,93.53074360871938,6,True,11
-135.0,91.7986928011505,8,False,7
-135.0,93.53074360871938,6,False,7
-133.5,94.39676901250381,4,False,7
-129.0,95.26279441628824,2,False,7
-129.0,93.53074360871938,0,False,7
-130.5,96.12881982007269,4,False,7
-148.5,85.73651497465943,8,False,3
-148.5,85.73651497465943,2,True,11
-147.0,86.60254037844386,0,False,7
-148.5,85.73651497465943,10,False,7
-150.0,86.60254037844386,8,False,7
-153.0,90.06664199358163,6,False,7
-151.5,90.93266739736606,4,False,7
-153.0,88.33459118601274,8,False,7
-114.0,96.99484522385713,6,False,3
-114.0,96.99484522385713,4,True,11
-112.5,96.12881982007269,10,False,7
-114.0,96.99484522385713,8,False,7
-114.0,98.72689603142601,6,False,7
-112.5,103.05702305034819,4,False,7
-111.0,102.19099764656376,2,False,7
-117.0,90.06664199358163,10,False,3
-117.0,90.06664199358163,0,True,11
-117.0,91.7986928011505,2,False,7
-117.0,90.06664199358163,0,False,7
-118.5,89.20061658979718,10,False,7
-123.0,88.33459118601274,8,False,7
-123.0,90.06664199358163,6,False,7
-121.5,87.46856578222831,10,False,7
-121.5,97.86087062764156,8,False,3
-121.5,97.86087062764156,2,True,11
-120.0,98.72689603142601,0,False,7
-121.5,97.86087062764156,10,False,7
-123.0,98.72689603142601,8,False,7
-126.0,102.19099764656376,6,False,7
-124.5,103.05702305034819,4,False,7
-126.0,100.45894683899488,8,False,7
-117.0,105.65509926170151,6,False,3
-117.0,105.65509926170151,4,True,11
-115.5,104.78907385791707,10,False,7
-117.0,105.65509926170151,8,False,7
-117.0,107.38715006927039,6,False,7
-115.5,111.71727708819259,4,False,7
-114.0,110.85125168440814,2,False,7
-117.0,110.85125168440814,6,False,7
-111.0,117.77945491468367,4,False,3
-111.0,117.77945491468367,6,True,11
-111.0,116.04740410711479,8,False,7
-111.0,117.77945491468367,6,False,7
-109.5,118.6454803184681,4,False,7
-105.0,119.51150572225254,2,False,7
-105.0,117.77945491468367,0,False,7
-106.5,120.37753112603698,4,False,7
-106.5,109.9852262806237,2,False,3
-106.5,109.9852262806237,8,True,11
-108.0,109.11920087683927,6,False,7
-106.5,109.9852262806237,4,False,7
-105.0,109.11920087683927,2,False,7
-102.0,105.65509926170151,0,False,7
-103.50000000000001,104.78907385791707,10,False,7
-102.00000000000001,107.38715006927039,2,False,7
-120.0,117.77945491468367,6,False,3
-120.0,117.77945491468367,4,True,11
-118.5,116.91342951089922,10,False,7
-120.0,117.77945491468367,8,False,7
-120.0,119.51150572225254,6,False,7
-118.50000000000001,123.84163274117472,4,False,7
-117.00000000000001,122.97560733739029,2,False,7
-120.0,122.97560733739029,6,False,7
-102.0,126.43970895252805,4,False,3
-102.0,126.43970895252805,6,True,11
-102.0,124.70765814495917,8,False,7
-102.0,126.43970895252805,6,False,7
-100.5,127.30573435631248,4,False,7
-96.0,128.17175976009693,2,False,7
-96.0,126.43970895252805,0,False,7
-109.5,125.57368354874362,8,False,3
-109.5,125.57368354874362,2,True,11
-108.0,126.43970895252805,0,False,7
-109.5,125.57368354874362,10,False,7
-111.0,126.43970895252804,8,False,7
-114.0,129.9038105676658,6,False,7
-112.5,130.76983597145022,4,False,7
-114.0,128.1717597600969,8,False,7
-105.00000000000001,133.36791218280354,6,False,3
-105.00000000000001,133.36791218280354,4,True,11
-103.5,132.50188677901912,10,False,7
-105.00000000000001,133.36791218280354,8,False,7
-105.0,135.09996299037243,6,False,7
-103.50000000000001,139.43009000929462,4,False,7
-102.00000000000001,138.56406460551017,2,False,7
-105.00000000000001,138.56406460551017,6,False,7
-96.0,133.36791218280356,4,False,3
-96.0,133.36791218280356,6,True,11
-96.0,131.6358613752347,8,False,7
-96.0,133.36791218280356,6,False,7
-94.50000000000001,134.233937586588,4,False,7
-90.0,135.09996299037243,2,False,7
-90.0,133.36791218280356,0,False,7
-91.5,135.96598839415688,4,False,7
-82.5,134.233937586588,2,False,3
-82.5,134.233937586588,8,True,11
-84.0,133.36791218280356,6,False,7
-82.5,134.233937586588,4,False,7
-81.0,133.36791218280356,2,False,7
-78.0,129.9038105676658,0,False,7
-79.50000000000001,129.03778516388138,10,False,7
-78.0,131.6358613752347,2,False,7
-87.00000000000001,126.43970895252805,0,False,3
-87.00000000000001,126.43970895252805,10,True,11
-88.5,127.30573435631248,4,False,7
-87.00000000000001,126.43970895252805,2,False,7
-87.0,124.70765814495917,0,False,7
-88.5,120.37753112603698,10,False,7
-90.00000000000001,121.24355652982142,8,False,7
-87.00000000000001,121.24355652982142,0,False,7
-87.00000000000001,142.02816622064793,4,False,3
-87.00000000000001,142.02816622064793,6,True,11
-87.0,140.29611541307906,8,False,7
-87.00000000000001,142.02816622064793,6,False,7
-85.5,142.89419162443238,4,False,7
-81.00000000000001,143.76021702821683,2,False,7
-81.00000000000001,142.02816622064796,0,False,7
-82.50000000000001,144.62624243200125,4,False,7
-94.5,106.52112466548596,2,False,3
-94.5,106.52112466548596,8,True,11
-96.0,105.65509926170151,6,False,7
-94.5,106.52112466548596,4,False,7
-93.00000000000001,105.65509926170151,2,False,7
-90.00000000000001,102.19099764656374,0,False,7
-91.50000000000001,101.32497224277932,10,False,7
-99.0,112.58330249197702,6,False,3
-99.0,112.58330249197702,4,True,11
-97.5,111.71727708819259,10,False,7
-99.0,112.58330249197702,8,False,7
-99.0,114.3153532995459,6,False,7
-97.5,118.64548031846809,4,False,7
-96.0,117.77945491468364,2,False,7
-99.0,117.77945491468364,6,False,7
-90.00000000000001,112.58330249197701,4,False,3
-90.00000000000001,112.58330249197701,6,True,11
-90.0,110.85125168440814,8,False,7
-90.00000000000001,112.58330249197701,6,False,7
-88.5,113.44932789576146,4,False,7
-84.00000000000001,114.31535329954589,2,False,7
-84.0,112.58330249197701,0,False,7
-85.5,115.18137870333032,4,False,7
-85.5,104.78907385791706,2,False,3
-85.5,104.78907385791706,8,True,11
-87.00000000000001,103.92304845413263,6,False,7
-85.5,104.78907385791706,4,False,7
-84.00000000000001,103.92304845413263,2,False,7
-81.00000000000001,100.45894683899488,0,False,7
-82.50000000000001,99.59292143521043,10,False,7
-81.00000000000001,102.19099764656374,2,False,7
-78.00000000000001,93.53074360871936,0,False,3
-78.00000000000001,93.53074360871936,10,True,11
-79.50000000000001,94.3967690125038,4,False,7
-78.00000000000001,93.53074360871936,2,False,7
-78.00000000000001,91.79869280115048,0,False,7
-79.50000000000003,87.4685657822283,10,False,7
-81.00000000000001,88.33459118601273,8,False,7
-78.00000000000001,88.33459118601273,0,False,7
-87.00000000000001,93.53074360871938,10,False,3
-87.00000000000001,93.53074360871938,0,True,11
-87.00000000000001,95.26279441628824,2,False,7
-87.00000000000001,93.53074360871938,0,False,7
-88.50000000000001,92.66471820493493,10,False,7
-93.00000000000001,91.7986928011505,8,False,7
-93.00000000000001,93.53074360871938,6,False,7
-91.50000000000001,90.93266739736606,10,False,7
-73.5,101.32497224277931,2,False,3
-73.5,101.32497224277931,8,True,11
-75.0,100.45894683899486,6,False,7
-73.5,101.32497224277931,4,False,7
-72.0,100.45894683899488,2,False,7
-69.00000000000001,96.99484522385711,0,False,7
-70.5,96.12881982007268,10,False,7
-69.0,98.726896031426,2,False,7
-123.0,129.9038105676658,6,False,3
-123.0,129.9038105676658,4,True,11
-121.5,129.03778516388135,10,False,7
-123.0,129.9038105676658,8,False,7
-123.0,131.63586137523467,6,False,7
-121.5,135.96598839415685,4,False,7
-120.0,135.09996299037243,2,False,7
-126.0,122.97560733739029,10,False,3
-126.0,122.97560733739029,0,True,11
-126.0,124.70765814495917,2,False,7
-126.0,122.97560733739029,0,False,7
-127.5,122.10958193360585,10,False,7
-132.0,121.2435565298214,8,False,7
-132.0,122.97560733739029,6,False,7
-130.5,120.37753112603697,10,False,7
-130.5,130.76983597145022,8,False,3
-130.5,130.76983597145022,2,True,11
-129.0,131.63586137523467,0,False,7
-130.5,130.76983597145022,10,False,7
-132.0,131.63586137523467,8,False,7
-135.0,135.09996299037243,6,False,7
-133.5,135.96598839415685,4,False,7
-135.0,133.36791218280354,8,False,7
-126.0,138.56406460551017,6,False,3
-126.0,138.56406460551017,4,True,11
-124.5,137.69803920172575,10,False,7
-126.0,138.56406460551017,8,False,7
-126.0,140.29611541307906,6,False,7
-124.5,144.62624243200125,4,False,7
-123.00000000000001,143.7602170282168,2,False,7
-126.0,143.7602170282168,6,False,7
-120.00000000000001,150.68842025849233,4,False,3
-120.00000000000001,150.68842025849233,6,True,11
-120.00000000000001,148.95636945092343,8,False,7
-120.00000000000001,150.68842025849233,6,False,7
-118.50000000000001,151.55444566227678,4,False,7
-114.00000000000001,152.4204710660612,2,False,7
-114.00000000000001,150.68842025849233,0,False,7
-115.50000000000001,153.28649646984564,4,False,7
-115.50000000000001,142.89419162443238,2,False,3
-115.50000000000001,142.89419162443238,8,True,11
-117.00000000000001,142.02816622064793,6,False,7
-115.50000000000001,142.89419162443238,4,False,7
-114.00000000000001,142.02816622064793,2,False,7
-111.00000000000001,138.56406460551017,0,False,7
-112.50000000000001,137.69803920172575,10,False,7
-111.00000000000001,140.29611541307906,2,False,7
-129.0,150.68842025849233,6,False,3
-129.0,150.68842025849233,4,True,11
-127.5,149.8223948547079,10,False,7
-129.0,150.68842025849233,8,False,7
-129.0,152.42047106606122,6,False,7
-127.50000000000001,156.75059808498338,4,False,7
-126.0,155.88457268119896,2,False,7
-129.0,155.88457268119896,6,False,7
-53.999999999999986,64.08587988004844,4,False,3
-53.999999999999986,64.08587988004844,6,True,11
-53.999999999999986,62.353829072479556,8,False,7
-53.999999999999986,64.08587988004844,6,False,7
-52.499999999999986,64.95190528383287,4,False,7
-47.999999999999986,65.8179306876173,2,False,7
-47.999999999999986,64.08587988004842,0,False,7
-61.499999999999986,63.219854476264,8,False,3
-61.499999999999986,63.219854476264,2,True,11
-59.999999999999986,64.08587988004844,0,False,7
-61.499999999999986,63.219854476264,10,False,7
-62.99999999999998,64.08587988004844,8,False,7
-65.99999999999999,67.54998149518619,6,False,7
-64.49999999999997,68.41600689897064,4,False,7
-65.99999999999997,65.81793068761732,8,False,7
-56.99999999999998,71.01408311032394,6,False,3
-56.99999999999998,71.01408311032394,4,True,11
-55.49999999999998,70.1480577065395,10,False,7
-56.99999999999998,71.01408311032394,8,False,7
-56.99999999999998,72.74613391789282,6,False,7
-55.49999999999997,77.076260936815,4,False,7
-53.99999999999998,76.21023553303057,2,False,7
-56.99999999999998,76.21023553303058,6,False,7
-47.99999999999998,71.01408311032394,4,False,3
-47.99999999999998,71.01408311032394,6,True,11
-47.99999999999998,69.28203230275506,8,False,7
-47.99999999999998,71.01408311032394,6,False,7
-46.49999999999998,71.88010851410837,4,False,7
-41.99999999999998,72.74613391789282,2,False,7
-41.999999999999986,71.01408311032394,0,False,7
-43.49999999999998,73.61215932167725,4,False,7
-34.499999999999986,71.88010851410837,2,False,3
-34.499999999999986,71.88010851410837,8,True,11
-35.99999999999998,71.01408311032392,6,False,7
-34.499999999999986,71.88010851410837,4,False,7
-32.999999999999986,71.01408311032392,2,False,7
-29.999999999999982,67.54998149518617,0,False,7
-31.499999999999986,66.68395609140174,10,False,7
-29.999999999999986,69.28203230275506,2,False,7
-38.999999999999986,64.08587988004842,0,False,3
-38.999999999999986,64.08587988004842,10,True,11
-40.499999999999986,64.95190528383286,4,False,7
-38.999999999999986,64.08587988004842,2,False,7
-38.999999999999986,62.35382907247955,0,False,7
-40.49999999999999,58.02370205355736,10,False,7
-41.99999999999999,58.88972745734179,8,False,7
-38.99999999999999,58.88972745734179,0,False,7
-73.49999999999997,66.68395609140177,8,False,3
-73.49999999999997,66.68395609140177,2,True,11
-71.99999999999997,67.5499814951862,0,False,7
-73.49999999999997,66.68395609140177,10,False,7
-74.99999999999999,67.5499814951862,8,False,7
-77.99999999999997,71.01408311032395,6,False,7
-76.49999999999997,71.8801085141084,4,False,7
-68.99999999999999,60.62177826491069,0,False,3
-68.99999999999999,60.62177826491069,10,True,11
-70.49999999999999,61.48780366869513,4,False,7
-68.99999999999999,60.62177826491069,2,False,7
-68.99999999999999,58.88972745734181,0,False,7
-70.5,54.55960043841962,10,False,7
-71.99999999999999,55.42562584220406,8,False,7
-69.0,55.425625842204056,0,False,7
-77.99999999999999,60.621778264910695,10,False,3
-77.99999999999999,60.621778264910695,0,True,11
-77.99999999999999,62.35382907247957,2,False,7
-77.99999999999999,60.621778264910695,0,False,7
-79.49999999999999,59.755752861126254,10,False,7
-83.99999999999999,58.88972745734182,8,False,7
-83.99999999999999,60.6217782649107,6,False,7
-82.49999999999999,58.023702053557386,10,False,7
-82.49999999999997,68.41600689897065,8,False,3
-82.49999999999997,68.41600689897065,2,True,11
-80.99999999999997,69.28203230275508,0,False,7
-82.49999999999997,68.41600689897065,10,False,7
-83.99999999999997,69.28203230275508,8,False,7
-86.99999999999997,72.74613391789285,6,False,7
-85.49999999999997,73.61215932167728,4,False,7
-86.99999999999997,71.01408311032397,8,False,7
-89.99999999999997,79.67433714816835,6,False,3
-89.99999999999997,79.67433714816835,4,True,11
-88.49999999999997,78.80831174438391,10,False,7
-89.99999999999997,79.67433714816835,8,False,7
-89.99999999999997,81.40638795573723,6,False,7
-88.49999999999997,85.73651497465943,4,False,7
-86.99999999999997,84.87048957087498,2,False,7
-89.99999999999997,84.87048957087498,6,False,7
-80.99999999999997,79.67433714816835,4,False,3
-80.99999999999997,79.67433714816835,6,True,11
-80.99999999999997,77.94228634059947,8,False,7
-80.99999999999997,79.67433714816835,6,False,7
-79.49999999999997,80.54036255195278,4,False,7
-74.99999999999997,81.40638795573722,2,False,7
-74.99999999999997,79.67433714816833,0,False,7
-76.49999999999997,82.27241335952165,4,False,7
-94.49999999999997,71.8801085141084,8,False,3
-94.49999999999997,71.8801085141084,2,True,11
-92.99999999999997,72.74613391789285,0,False,7
-94.49999999999997,71.8801085141084,10,False,7
-95.99999999999997,72.74613391789285,8,False,7
-98.99999999999997,76.21023553303061,6,False,7
-97.49999999999997,77.07626093681505,4,False,7
-98.99999999999997,74.47818472546173,8,False,7
-59.99999999999997,83.13843876330608,6,False,3
-59.99999999999997,83.13843876330608,4,True,11
-58.49999999999997,82.27241335952165,10,False,7
-59.99999999999997,83.13843876330608,8,False,7
-59.99999999999997,84.87048957087495,6,False,7
-58.49999999999997,89.20061658979715,4,False,7
-56.99999999999997,88.33459118601272,2,False,7
-62.99999999999998,76.21023553303058,10,False,3
-62.99999999999998,76.21023553303058,0,True,11
-62.99999999999998,77.94228634059945,2,False,7
-62.99999999999998,76.21023553303058,0,False,7
-64.49999999999997,75.34421012924614,10,False,7
-68.99999999999997,74.4781847254617,8,False,7
-68.99999999999997,76.21023553303058,6,False,7
-67.49999999999997,73.61215932167727,10,False,7
-67.49999999999997,84.00446416709053,8,False,3
-67.49999999999997,84.00446416709053,2,True,11
-65.99999999999997,84.87048957087497,0,False,7
-67.49999999999997,84.00446416709053,10,False,7
-68.99999999999997,84.87048957087497,8,False,7
-71.99999999999997,88.33459118601272,6,False,7
-70.49999999999997,89.20061658979716,4,False,7
-71.99999999999997,86.60254037844385,8,False,7
-62.99999999999997,91.79869280115048,6,False,3
-62.99999999999997,91.79869280115048,4,True,11
-61.49999999999997,90.93266739736603,10,False,7
-62.99999999999997,91.79869280115048,8,False,7
-62.999999999999964,93.53074360871935,6,False,7
-61.49999999999996,97.86087062764155,4,False,7
-59.999999999999964,96.99484522385711,2,False,7
-62.999999999999964,96.99484522385711,6,False,7
-56.99999999999996,103.92304845413261,4,False,3
-56.99999999999996,103.92304845413261,6,True,11
-56.999999999999964,102.19099764656373,8,False,7
-56.99999999999996,103.92304845413261,6,False,7
-55.49999999999996,104.78907385791705,4,False,7
-50.99999999999996,105.65509926170148,2,False,7
-50.99999999999996,103.92304845413261,0,False,7
-52.499999999999964,106.52112466548593,4,False,7
-52.499999999999964,96.12881982007266,2,False,3
-52.499999999999964,96.12881982007266,8,True,11
-53.99999999999997,95.26279441628822,6,False,7
-52.499999999999964,96.12881982007266,4,False,7
-50.999999999999964,95.26279441628822,2,False,7
-47.99999999999997,91.79869280115045,0,False,7
-49.49999999999997,90.93266739736602,10,False,7
-47.99999999999997,93.53074360871933,2,False,7
-65.99999999999996,103.92304845413261,6,False,3
-65.99999999999996,103.92304845413261,4,True,11
-64.49999999999997,103.05702305034818,10,False,7
-65.99999999999996,103.92304845413261,8,False,7
-65.99999999999996,105.6550992617015,6,False,7
-64.49999999999994,109.98522628062368,4,False,7
-62.99999999999996,109.11920087683924,2,False,7
-65.99999999999996,109.11920087683924,6,False,7
-38.99999999999997,79.67433714816832,4,False,3
-38.99999999999997,79.67433714816832,6,True,11
-38.99999999999997,77.94228634059944,8,False,7
-38.99999999999997,79.67433714816832,6,False,7
-37.49999999999997,80.54036255195275,4,False,7
-32.99999999999997,81.40638795573719,2,False,7
-32.99999999999998,79.67433714816832,0,False,7
-46.49999999999997,78.80831174438389,8,False,3
-46.49999999999997,78.80831174438389,2,True,11
-44.99999999999997,79.67433714816832,0,False,7
-46.49999999999997,78.80831174438389,10,False,7
-47.99999999999997,79.67433714816832,8,False,7
-50.99999999999997,83.13843876330608,6,False,7
-49.49999999999997,84.00446416709052,4,False,7
-50.99999999999997,81.4063879557372,8,False,7
-41.99999999999997,86.60254037844383,6,False,3
-41.99999999999997,86.60254037844383,4,True,11
-40.49999999999997,85.7365149746594,10,False,7
-41.99999999999997,86.60254037844383,8,False,7
-41.99999999999997,88.3345911860127,6,False,7
-40.49999999999997,92.6647182049349,4,False,7
-38.99999999999997,91.79869280115045,2,False,7
-41.99999999999997,91.79869280115045,6,False,7
-32.99999999999997,86.60254037844382,4,False,3
-32.99999999999997,86.60254037844382,6,True,11
-32.99999999999997,84.87048957087495,8,False,7
-32.99999999999997,86.60254037844382,6,False,7
-31.499999999999975,87.46856578222827,4,False,7
-26.99999999999997,88.3345911860127,2,False,7
-26.99999999999997,86.60254037844382,0,False,7
-28.49999999999997,89.20061658979714,4,False,7
-19.49999999999997,87.46856578222825,2,False,3
-19.49999999999997,87.46856578222825,8,True,11
-20.99999999999997,86.60254037844382,6,False,7
-19.49999999999997,87.46856578222825,4,False,7
-17.99999999999997,86.60254037844382,2,False,7
-14.999999999999972,83.13843876330606,0,False,7
-16.49999999999997,82.27241335952162,10,False,7
-14.999999999999972,84.87048957087494,2,False,7
-23.99999999999998,79.67433714816832,0,False,3
-23.99999999999998,79.67433714816832,10,True,11
-25.49999999999998,80.54036255195275,4,False,7
-23.99999999999998,79.67433714816832,2,False,7
-23.99999999999998,77.94228634059944,0,False,7
-25.49999999999998,73.61215932167724,10,False,7
-26.999999999999982,74.47818472546169,8,False,7
-23.999999999999986,74.47818472546169,0,False,7
-23.999999999999964,95.26279441628822,4,False,3
-23.999999999999964,95.26279441628822,6,True,11
-23.999999999999964,93.53074360871932,8,False,7
-23.999999999999964,95.26279441628822,6,False,7
-22.499999999999964,96.12881982007264,4,False,7
-17.99999999999997,96.99484522385708,2,False,7
-17.99999999999997,95.2627944162882,0,False,7
-19.49999999999997,97.86087062764153,4,False,7
-7.499999999999972,84.0044641670905,2,False,3
-7.499999999999972,84.0044641670905,8,True,11
-8.999999999999972,83.13843876330606,6,False,7
-7.499999999999972,84.0044641670905,4,False,7
-5.999999999999972,83.13843876330606,2,False,7
-2.9999999999999787,79.6743371481683,0,False,7
-4.499999999999986,78.80831174438387,10,False,7
-11.999999999999972,90.06664199358157,6,False,3
-11.999999999999972,90.06664199358157,4,True,11
-10.499999999999972,89.20061658979714,10,False,7
-11.999999999999972,90.06664199358157,8,False,7
-11.999999999999972,91.79869280115045,6,False,7
-10.499999999999964,96.12881982007264,4,False,7
-8.999999999999964,95.2627944162882,2,False,7
-11.999999999999964,95.2627944162882,6,False,7
-2.9999999999999716,90.06664199358157,4,False,3
-2.9999999999999716,90.06664199358157,6,True,11
-2.9999999999999716,88.33459118601269,8,False,7
-2.9999999999999716,90.06664199358157,6,False,7
-1.4999999999999716,90.932667397366,4,False,7
3.0000000000000284,91.79869280115045,2,False,7
3.0000000000000284,90.06664199358157,0,False,7
1.5000000000000284,92.66471820493489,4,False,7
1.5000000000000213,82.27241335952161,2,False,3
1.5000000000000213,82.27241335952161,8,True,11
2.842170943040401e-14,81.40638795573717,6,False,7
1.5000000000000213,82.27241335952161,4,False,7
3.0000000000000213,81.40638795573717,2,False,7
6.000000000000021,77.94228634059942,0,False,7
4.500000000000021,77.07626093681498,10,False,7
6.000000000000021,79.67433714816829,2,False,7
9.000000000000028,71.01408311032391,0,False,3
9.000000000000028,71.01408311032391,10,True,11
7.500000000000028,71.88010851410834,4,False,7
9.000000000000028,71.01408311032391,2,False,7
9.000000000000028,69.28203230275503,0,False,7
7.500000000000014,64.95190528383284,10,False,7
6.000000000000014,65.81793068761728,8,False,7
9.000000000000014,65.81793068761726,0,False,7
1.4210854715202004e-14,71.01408311032391,10,False,3
1.4210854715202004e-14,71.01408311032391,0,True,11
2.842170943040401e-14,72.74613391789279,2,False,7
1.4210854715202004e-14,71.01408311032391,0,False,7
-1.4999999999999787,70.14805770653948,10,False,7
-5.999999999999986,69.28203230275504,8,False,7
-5.999999999999986,71.01408311032392,6,False,7
-4.499999999999986,68.41600689897061,10,False,7
13.500000000000014,78.80831174438386,2,False,3
13.500000000000014,78.80831174438386,8,True,11
12.000000000000014,77.94228634059942,6,False,7
13.500000000000014,78.80831174438386,4,False,7
15.000000000000014,77.94228634059942,2,False,7
18.00000000000003,74.47818472546166,0,False,7
16.500000000000014,73.61215932167723,10,False,7
18.000000000000014,76.21023553303054,2,False,7
-20.999999999999993,67.54998149518616,0,False,3
-20.999999999999993,67.54998149518616,10,True,11
-22.499999999999993,68.41600689897061,4,False,7
-20.999999999999993,67.54998149518616,2,False,7
-21.0,65.81793068761729,0,False,7
-22.5,61.4878036686951,10,False,7
-23.999999999999996,62.35382907247954,8,False,7
-17.999999999999986,74.47818472546167,4,False,3
-17.999999999999986,74.47818472546167,6,True,11
-17.999999999999993,72.74613391789279,8,False,7
-17.999999999999986,74.47818472546167,6,False,7
-16.499999999999986,75.34421012924611,4,False,7
-11.999999999999986,76.21023553303054,2,False,7
-11.999999999999986,74.47818472546166,0,False,7
-13.499999999999986,77.07626093681498,4,False,7
-13.5,66.68395609140173,2,False,3
-13.5,66.68395609140173,8,True,11
-14.999999999999986,65.81793068761729,6,False,7
-13.5,66.68395609140173,4,False,7
-11.999999999999993,65.81793068761728,2,False,7
-9.0,62.35382907247953,0,False,7
-10.5,61.487803668695086,10,False,7
-8.999999999999993,64.0858798800484,2,False,7
-18.0,58.88972745734178,0,False,3
-18.0,58.88972745734178,10,True,11
-19.5,59.755752861126226,4,False,7
-18.0,58.88972745734178,2,False,7
-18.000000000000007,57.1576766497729,0,False,7
-19.500000000000014,52.82754963085071,10,False,7
-21.000000000000007,53.69357503463515,8,False,7
-18.000000000000007,53.69357503463515,0,False,7
-24.000000000000014,46.765371804359646,10,False,3
-24.000000000000014,46.765371804359646,0,True,11
-24.000000000000018,48.49742261192853,2,False,7
-24.000000000000014,46.765371804359646,0,False,7
-25.500000000000018,45.89934640057521,10,False,7
-30.000000000000018,45.03332099679078,8,False,7
-30.00000000000001,46.76537180435965,6,False,7
-28.500000000000014,44.16729559300634,10,False,7
-28.500000000000007,54.5596004384196,8,False,3
-28.500000000000007,54.5596004384196,2,True,11
-27.000000000000004,55.425625842204035,0,False,7
-28.500000000000007,54.5596004384196,10,False,7
-30.000000000000004,55.42562584220404,8,False,7
-33.0,58.8897274573418,6,False,7
-31.499999999999996,59.75575286112624,4,False,7
-33.0,57.157676649772924,8,False,7
-15.000000000000014,46.76537180435963,0,False,3
-15.000000000000014,46.76537180435963,10,True,11
-16.500000000000014,47.63139720814408,4,False,7
-15.000000000000014,46.76537180435963,2,False,7
-15.000000000000021,45.03332099679076,0,False,7
-16.50000000000002,40.703193977868565,10,False,7
-18.000000000000014,41.56921938165301,8,False,7
-15.000000000000014,41.569219381653,0,False,7
-14.999999999999964,103.92304845413258,4,False,3
-14.999999999999964,103.92304845413258,6,True,11
-14.999999999999964,102.19099764656372,8,False,7
-14.999999999999964,103.92304845413258,6,False,7
-13.499999999999964,104.78907385791703,4,False,7
-8.999999999999964,105.65509926170147,2,False,7
-8.999999999999964,103.92304845413258,0,False,7
-22.499999999999964,103.05702305034816,8,False,3
-22.499999999999964,103.05702305034816,2,True,11
-20.999999999999964,103.9230484541326,0,False,7
-22.499999999999964,103.05702305034816,10,False,7
-23.99999999999996,103.9230484541326,8,False,7
-26.99999999999996,107.38715006927035,6,False,7
-25.49999999999996,108.2531754730548,4,False,7
-26.99999999999996,105.65509926170148,8,False,7
-17.999999999999957,110.8512516844081,6,False,3
-17.999999999999957,110.8512516844081,4,True,11
-16.499999999999957,109.98522628062366,10,False,7
-17.999999999999957,110.8512516844081,8,False,7
-17.999999999999957,112.58330249197698,6,False,7
-16.499999999999957,116.91342951089916,4,False,7
-14.999999999999957,116.04740410711473,2,False,7
-17.999999999999957,116.04740410711473,6,False,7
-8.999999999999957,110.8512516844081,4,False,3
-8.999999999999957,110.8512516844081,6,True,11
-8.999999999999964,109.11920087683922,8,False,7
-8.999999999999957,110.8512516844081,6,False,7
-7.4999999999999645,111.71727708819253,4,False,7
-2.9999999999999645,112.58330249197697,2,False,7
-2.9999999999999645,110.85125168440808,0,False,7
-4.4999999999999645,113.44932789576141,4,False,7
4.500000000000043,111.71727708819253,2,False,3
4.500000000000043,111.71727708819253,8,True,11
3.0000000000000426,110.85125168440808,6,False,7
4.500000000000043,111.71727708819253,4,False,7
6.000000000000043,110.85125168440808,2,False,7
9.000000000000043,107.38715006927033,0,False,7
7.500000000000028,106.5211246654859,10,False,7
9.000000000000043,109.1192008768392,2,False,7
2.842170943040401e-14,103.92304845413258,0,False,3
2.842170943040401e-14,103.92304845413258,10,True,11
-1.4999999999999716,104.78907385791702,4,False,7
2.842170943040401e-14,103.92304845413258,2,False,7
2.842170943040401e-14,102.1909976465637,0,False,7
-1.4999999999999716,97.86087062764152,10,False,7
-2.9999999999999716,98.72689603142595,8,False,7
2.842170943040401e-14,98.72689603142595,0,False,7
4.263256414560601e-14,119.51150572225248,4,False,3
4.263256414560601e-14,119.51150572225248,6,True,11
4.263256414560601e-14,117.7794549146836,8,False,7
4.263256414560601e-14,119.51150572225248,6,False,7
1.5000000000000426,120.37753112603691,4,False,7
6.000000000000043,121.24355652982135,2,False,7
6.000000000000043,119.51150572225247,0,False,7
4.500000000000043,122.1095819336058,4,False,7
-145.5,35.50704155516198,8,False,3
-145.5,35.50704155516198,2,True,11
-144.0,36.373066958946424,0,False,7
-145.5,35.50704155516198,10,False,7
-147.0,36.373066958946424,8,False,7
-150.0,39.83716857408418,6,False,7
-148.5,40.703193977868615,4,False,7
-141.0,29.444863728670917,0,False,3
-141.0,29.444863728670917,10,True,11
-142.5,30.310889132455355,4,False,7
-141.0,29.444863728670917,2,False,7
-141.0,27.71281292110204,0,False,7
-142.5,23.382685902179844,10,False,7
-144.0,24.248711305964285,8,False,7
-141.0,24.248711305964285,0,False,7
-150.0,29.444863728670917,10,False,3
-150.0,29.444863728670917,0,True,11
-150.0,31.176914536239792,2,False,7
-150.0,29.444863728670917,0,False,7
-151.5,28.578838324886476,10,False,7
-156.0,27.71281292110204,8,False,7
-156.0,29.444863728670917,6,False,7
-154.5,26.8467875173176,10,False,7
-154.5,37.239092362730865,8,False,3
-154.5,37.239092362730865,2,True,11
-153.0,38.1051177665153,0,False,7
-154.5,37.239092362730865,10,False,7
-156.0,38.1051177665153,8,False,7
-159.0,41.569219381653056,6,False,7
-157.5,42.43524478543749,4,False,7
-159.0,39.83716857408418,8,False,7
-162.0,48.49742261192856,6,False,3
-162.0,48.49742261192856,4,True,11
-160.5,47.63139720814412,10,False,7
-162.0,48.49742261192856,8,False,7
-162.0,50.22947341949744,6,False,7
-160.5,54.559600438419636,4,False,7
-159.0,53.693575034635195,2,False,7
-162.0,53.693575034635195,6,False,7
-153.0,48.49742261192856,4,False,3
-153.0,48.49742261192856,6,True,11
-153.0,46.76537180435969,8,False,7
-153.0,48.49742261192856,6,False,7
-151.5,49.363448015713004,4,False,7
-147.0,50.22947341949744,2,False,7
-147.0,48.497422611928556,0,False,7
-148.5,51.09549882328187,4,False,7
-138.0,17.320508075688775,0,False,3
-138.0,17.320508075688775,10,True,11
-139.5,18.186533479473212,4,False,7
-138.0,17.320508075688775,2,False,7
-138.0,15.588457268119896,0,False,7
-139.5,11.258330249197705,10,False,7
-141.0,12.124355652982143,8,False,7
-135.0,24.248711305964278,4,False,3
-135.0,24.248711305964278,6,True,11
-135.0,22.516660498395403,8,False,7
-135.0,24.248711305964278,6,False,7
-133.5,25.11473670974872,4,False,7
-129.0,25.980762113533153,2,False,7
-129.0,24.248711305964278,0,False,7
-130.5,26.846787517317594,4,False,7
-130.5,16.454482671904334,2,False,3
-130.5,16.454482671904334,8,True,11
-132.0,15.588457268119896,6,False,7
-130.5,16.454482671904334,4,False,7
-129.0,15.588457268119896,2,False,7
-126.0,12.124355652982139,0,False,7
-127.5,11.258330249197702,10,False,7
-126.0,13.856406460551018,2,False,7
-135.0,8.660254037844389,0,False,3
-135.0,8.660254037844389,10,True,11
-136.5,9.526279441628827,4,False,7
-135.0,8.660254037844389,2,False,7
-135.0,6.9282032302755105,0,False,7
-136.5,2.598076211353316,10,False,7
-138.0,3.464101615137757,8,False,7
-135.0,3.464101615137757,0,False,7
-141.0,-3.46410161513775,10,False,3
-141.0,-3.46410161513775,0,True,11
-141.0,-1.732050807568875,2,False,7
-141.0,-3.46410161513775,0,False,7
-142.5,-4.330127018922191,10,False,7
-147.0,-5.196152422706632,8,False,7
-147.0,-3.46410161513775,6,False,7
-145.5,-6.062177826491066,10,False,7
-145.5,4.330127018922198,8,False,3
-145.5,4.330127018922198,2,True,11
-144.0,5.196152422706639,0,False,7
-145.5,4.330127018922198,10,False,7
-147.0,5.196152422706639,8,False,7
-150.0,8.660254037844393,6,False,7
-148.5,9.52627944162883,4,False,7
-150.0,6.928203230275518,8,False,7
-132.0,-3.46410161513775,0,False,3
-132.0,-3.46410161513775,10,True,11
-133.5,-2.598076211353316,4,False,7
-132.0,-3.46410161513775,2,False,7
-132.0,-5.196152422706632,0,False,7
-133.5,-9.526279441628823,10,False,7
-135.0,-8.660254037844382,8,False,7
-132.0,-8.660254037844382,0,False,7
-159.0,20.784609690826528,10,False,3
-159.0,20.784609690826528,0,True,11
-159.0,22.516660498395407,2,False,7
-159.0,20.784609690826528,0,False,7
-160.5,19.91858428704209,10,False,7
-165.0,19.052558883257653,8,False,7
-165.0,20.784609690826528,6,False,7
-151.5,21.650635094610966,2,False,3
-151.5,21.650635094610966,8,True,11
-153.0,20.784609690826528,6,False,7
-151.5,21.650635094610966,4,False,7
-150.0,20.784609690826528,2,False,7
-147.0,17.32050807568877,0,False,7
-148.5,16.454482671904334,10,False,7
-147.0,19.05255888325765,2,False,7
-156.0,13.856406460551021,0,False,3
-156.0,13.856406460551021,10,True,11
-157.5,14.722431864335459,4,False,7
-156.0,13.856406460551021,2,False,7
-156.0,12.124355652982143,0,False,7
-157.5,7.794228634059952,10,False,7
-159.0,8.660254037844389,8,False,7
-156.0,8.660254037844389,0,False,7
-165.0,13.856406460551021,10,False,3
-165.0,13.856406460551021,0,True,11
-165.0,15.588457268119896,2,False,7
-165.0,13.856406460551021,0,False,7
-166.5,12.990381056766584,10,False,7
-171.0,12.124355652982146,8,False,7
-171.0,13.856406460551021,6,False,7
-169.5,11.258330249197705,10,False,7
-178.5,12.99038105676658,8,False,3
-178.5,12.99038105676658,2,True,11
-177.0,13.856406460551021,0,False,7
-178.5,12.99038105676658,10,False,7
-180.0,13.856406460551021,8,False,7
-183.0,17.320508075688778,6,False,7
-181.5,18.186533479473216,4,False,7
-183.0,15.588457268119896,8,False,7
-174.0,20.78460969082653,6,False,3
-174.0,20.78460969082653,4,True,11
-172.5,19.91858428704209,10,False,7
-174.0,20.78460969082653,8,False,7
-174.0,22.51666049839541,6,False,7
-172.5,26.8467875173176,4,False,7
-171.0,25.98076211353316,2,False,7
-174.0,25.980762113533164,6,False,7
-174.0,5.196152422706636,10,False,3
-174.0,5.196152422706636,0,True,11
-174.0,6.9282032302755105,2,False,7
-174.0,5.196152422706636,0,False,7
-175.5,4.330127018922198,10,False,7
-180.0,3.464101615137764,8,False,7
-180.0,5.196152422706636,6,False,7
-178.5,2.598076211353316,10,False,7
-166.5,40.703193977868615,8,False,3
-166.5,40.703193977868615,2,True,11
-165.0,41.569219381653056,0,False,7
-166.5,40.703193977868615,10,False,7
-168.0,41.569219381653056,8,False,7
-171.0,45.033320996790806,6,False,7
-169.5,45.89934640057525,4,False,7
-162.0,34.64101615137755,0,False,3
-162.0,34.64101615137755,10,True,11
-163.5,35.50704155516198,4,False,7
-162.0,34.64101615137755,2,False,7
-162.0,32.908965343808674,0,False,7
-163.5,28.578838324886476,10,False,7
-165.0,29.444863728670917,8,False,7
-162.0,29.444863728670917,0,False,7
-171.0,34.64101615137755,10,False,3
-171.0,34.64101615137755,0,True,11
-171.0,36.373066958946424,2,False,7
-171.0,34.64101615137755,0,False,7
-172.5,33.77499074759311,10,False,7
-177.0,32.908965343808674,8,False,7
-177.0,34.64101615137755,6,False,7
-175.5,32.04293994002423,10,False,7
-175.5,42.4352447854375,8,False,3
-175.5,42.4352447854375,2,True,11
-174.0,43.30127018922193,0,False,7
-175.5,42.4352447854375,10,False,7
-177.0,43.30127018922193,8,False,7
-180.0,46.76537180435969,6,False,7
-178.5,47.63139720814412,4,False,7
-180.0,45.033320996790806,8,False,7
-183.0,53.693575034635195,6,False,3
-183.0,53.693575034635195,4,True,11
-181.5,52.827549630850754,10,False,7
-183.0,53.693575034635195,8,False,7
-183.0,55.42562584220407,6,False,7
-181.5,59.75575286112627,4,False,7
-180.0,58.88972745734183,2,False,7
-183.0,58.88972745734183,6,False,7
-174.0,53.693575034635195,4,False,3
-174.0,53.693575034635195,6,True,11
-174.0,51.96152422706632,8,False,7
-174.0,53.693575034635195,6,False,7
-172.5,54.559600438419636,4,False,7
-168.0,55.42562584220407,2,False,7
-168.0,53.69357503463519,0,False,7
-169.5,56.291651245988504,4,False,7
-187.5,45.899346400575254,8,False,3
-187.5,45.899346400575254,2,True,11
-186.0,46.76537180435969,0,False,7
-187.5,45.899346400575254,10,False,7
-189.0,46.76537180435969,8,False,7
-192.0,50.22947341949744,6,False,7
-190.5,51.09549882328188,4,False,7
-192.0,48.49742261192856,8,False,7
-186.0,65.81793068761733,6,False,3
-186.0,65.81793068761733,4,True,11
-184.5,64.9519052838329,10,False,7
-186.0,65.81793068761733,8,False,7
-186.0,67.54998149518622,6,False,7
-184.5,71.8801085141084,4,False,7
-183.0,71.01408311032397,2,False,7
-189.0,58.889727457341834,10,False,3
-189.0,58.889727457341834,0,True,11
-189.0,60.62177826491071,2,False,7
-189.0,58.889727457341834,0,False,7
-190.5,58.02370205355739,10,False,7
-195.0,57.15767664977295,8,False,7
-195.0,58.889727457341834,6,False,7
-193.5,56.29165124598852,10,False,7
-193.5,66.68395609140177,8,False,3
-193.5,66.68395609140177,2,True,11
-192.0,67.54998149518622,0,False,7
-193.5,66.68395609140177,10,False,7
-195.0,67.54998149518622,8,False,7
-198.0,71.01408311032397,6,False,7
-196.5,71.8801085141084,4,False,7
-198.0,69.28203230275508,8,False,7
-189.0,74.47818472546172,6,False,3
-189.0,74.47818472546172,4,True,11
-187.5,73.6121593216773,10,False,7
-189.0,74.47818472546172,8,False,7
-189.0,76.2102355330306,6,False,7
-187.5,80.5403625519528,4,False,7
-186.0,79.67433714816835,2,False,7
-189.0,79.67433714816835,6,False,7
-183.0,86.60254037844388,4,False,3
-183.0,86.60254037844388,6,True,11
-183.0,84.870489570875,8,False,7
-183.0,86.60254037844388,6,False,7
-181.5,87.46856578222831,4,False,7
-177.0,88.33459118601274,2,False,7
-177.0,86.60254037844386,0,False,7
-178.5,89.20061658979719,4,False,7
-178.5,78.80831174438391,2,False,3
-178.5,78.80831174438391,8,True,11
-180.0,77.94228634059948,6,False,7
-178.5,78.80831174438391,4,False,7
-177.0,77.94228634059948,2,False,7
-174.0,74.47818472546172,0,False,7
-175.5,73.61215932167728,10,False,7
-174.0,76.2102355330306,2,False,7
-192.0,86.60254037844386,6,False,3
-192.0,86.60254037844386,4,True,11
-190.5,85.73651497465943,10,False,7
-192.0,86.60254037844386,8,False,7
-192.0,88.33459118601274,6,False,7
-190.5,92.66471820493493,4,False,7
-189.0,91.7986928011505,2,False,7
-192.0,91.7986928011505,6,False,7
-165.0,62.35382907247958,4,False,3
-165.0,62.35382907247958,6,True,11
-165.0,60.6217782649107,8,False,7
-165.0,62.35382907247958,6,False,7
-163.5,63.21985447626401,4,False,7
-159.0,64.08587988004845,2,False,7
-159.0,62.35382907247957,0,False,7
-172.5,61.48780366869514,8,False,3
-172.5,61.48780366869514,2,True,11
-171.0,62.35382907247958,0,False,7
-172.5,61.48780366869514,10,False,7
-174.0,62.353829072479584,8,False,7
-177.0,65.81793068761733,6,False,7
-175.5,66.68395609140177,4,False,7
-177.0,64.08587988004845,8,False,7
-168.0,69.28203230275508,6,False,3
-168.0,69.28203230275508,4,True,11
-166.5,68.41600689897065,10,False,7
-168.0,69.28203230275508,8,False,7
-168.0,71.01408311032397,6,False,7
-166.5,75.34421012924615,4,False,7
-165.0,74.47818472546172,2,False,7
-168.0,74.47818472546172,6,False,7
-159.0,69.28203230275508,4,False,3
-159.0,69.28203230275508,6,True,11
-159.0,67.5499814951862,8,False,7
-159.0,69.28203230275508,6,False,7
-157.5,70.14805770653952,4,False,7
-153.0,71.01408311032395,2,False,7
-153.0,69.28203230275508,0,False,7
-154.5,71.8801085141084,4,False,7
-145.5,70.1480577065395,2,False,3
-145.5,70.1480577065395,8,True,11
-147.0,69.28203230275507,6,False,7
-145.5,70.1480577065395,4,False,7
-144.0,69.28203230275507,2,False,7
-141.0,65.81793068761732,0,False,7
-142.5,64.95190528383287,10,False,7
-141.0,67.54998149518619,2,False,7
-150.0,62.35382907247957,0,False,3
-150.0,62.35382907247957,10,True,11
-151.5,63.219854476264004,4,False,7
-150.0,62.35382907247957,2,False,7
-150.0,60.62177826491069,0,False,7
-151.5,56.2916512459885,10,False,7
-153.0,57.15767664977294,8,False,7
-150.0,57.15767664977294,0,False,7
-150.0,77.94228634059947,4,False,3
-150.0,77.94228634059947,6,True,11
-150.0,76.21023553303058,8,False,7
-150.0,77.94228634059947,6,False,7
-148.5,78.8083117443839,4,False,7
-144.0,79.67433714816833,2,False,7
-144.0,77.94228634059947,0,False,7
-145.5,80.54036255195278,4,False,7
-199.5,49.363448015713004,8,False,3
-199.5,49.363448015713004,2,True,11
-198.0,50.22947341949744,0,False,7
-199.5,49.363448015713004,10,False,7
-201.0,50.22947341949744,8,False,7
-204.0,53.693575034635195,6,False,7
-202.5,54.559600438419636,4,False,7
-195.0,43.30127018922193,0,False,3
-195.0,43.30127018922193,10,True,11
-196.5,44.16729559300637,4,False,7
-195.0,43.30127018922193,2,False,7
-195.0,41.569219381653056,0,False,7
-196.5,37.23909236273086,10,False,7
-198.0,38.105117766515306,8,False,7
-195.0,38.105117766515306,0,False,7
-204.0,43.30127018922193,10,False,3
-204.0,43.30127018922193,0,True,11
-204.0,45.033320996790806,2,False,7
-204.0,43.30127018922193,0,False,7
-205.5,42.43524478543749,10,False,7
-210.0,41.569219381653056,8,False,7
-210.0,43.30127018922193,6,False,7
-208.5,40.703193977868615,10,False,7
-208.5,51.09549882328188,8,False,3
-208.5,51.09549882328188,2,True,11
-207.0,51.96152422706632,0,False,7
-208.5,51.09549882328188,10,False,7
-210.0,51.96152422706632,8,False,7
-213.0,55.42562584220407,6,False,7
-211.5,56.29165124598851,4,False,7
-213.0,53.693575034635195,8,False,7
-216.0,62.353829072479584,6,False,3
-216.0,62.353829072479584,4,True,11
-214.5,61.48780366869514,10,False,7
-216.0,62.353829072479584,8,False,7
-216.0,64.08587988004845,6,False,7
-214.5,68.41600689897065,4,False,7
-213.0,67.54998149518622,2,False,7
-216.0,67.54998149518622,6,False,7
-207.0,62.353829072479584,4,False,3
-207.0,62.353829072479584,6,True,11
-207.0,60.6217782649107,8,False,7
-207.0,62.353829072479584,6,False,7
-205.5,63.21985447626402,4,False,7
-201.0,64.08587988004845,2,False,7
-201.0,62.35382907247958,0,False,7
-202.5,64.9519052838329,4,False,7
-220.5,54.559600438419636,8,False,3
-220.5,54.559600438419636,2,True,11
-219.0,55.42562584220407,0,False,7
-220.5,54.559600438419636,10,False,7
-222.0,55.42562584220407,8,False,7
-225.0,58.88972745734183,6,False,7
-223.5,59.75575286112627,4,False,7
-225.0,57.15767664977295,8,False,7
